Nombre,Apellido,team_name,Posicion,opponent_name,is_home,Precio,form,difficulty,valor,tendencia,volatilidad,rendimiento_ajustado
Marcos,Senesi Barón,Bournemouth,Defender,Crystal Palace,False,49,8.4,1140,1.7142857142857142,0,4.503966505838414,0.3806168878173306
Omar,Alderete,Sunderland,Defender,Wolves,True,41,7.0,1125,1.707317073170732,0,5.798193478924933,0.29445672680230955
Marc,Guéhi,Crystal Palace,Defender,Bournemouth,True,48,7.4,1180,1.5416666666666667,0,4.197504927816954,0.36728168118398363
Robin,Roefs,Sunderland,Goalkeeper,Wolves,True,46,6.2,1125,1.347826086956522,0,4.0178174601214955,0.3354622504218409
Jaidon,Anthony,Burnley,Midfielder,Leeds,True,57,7.6,1075,1.3333333333333333,0,4.375255094603872,0.3047441359425583
Michael,Keane,Everton,Defender,Man City,False,45,5.8,1275,1.2888888888888888,0,3.559026084010437,0.3621465138115883
Jurriën,Timber,Arsenal,Defender,Fulham,False,59,7.4,1125,1.2542372881355932,1,8.571825387640049,0.1463209096564324
Ryan,Gravenberch,Liverpool,Midfielder,Man Utd,True,57,7.0,1125,1.2280701754385963,1,5.154748157905347,0.23824057700185058
Adrien,Truffert,Bournemouth,Defender,Crystal Palace,False,45,5.4,1140,1.2000000000000002,0,3.101458950082625,0.38691468090139686
Nordi,Mukiele,Sunderland,Defender,Wolves,True,40,4.8,1125,1.2,0,3.3316662497915366,0.3601801351125985
James,Garner,Everton,Midfielder,Man City,False,50,6.0,1275,1.2,0,3.0394235042348474,0.3948117129212275
Trevoh,Chalobah,Chelsea,Defender,Nott'm Forest,False,51,5.8,1165,1.1372549019607845,-1,5.41602560309064,0.20997960225886175
Joe,Rodon,Leeds,Defender,Burnley,False,40,4.4,1050,1.1,0,2.6903708365381975,0.40886556792126544
Tino,Livramento,Newcastle,Defender,Brighton,False,51,5.6,1150,1.0980392156862746,0,2.751622897751175,0.3990514894259935
Josh,Cullen,Burnley,Midfielder,Leeds,True,50,5.4,1075,1.08,0,4.029651999626672,0.26801321803968603
Enzo,Fernández,Chelsea,Midfielder,Nott'm Forest,False,67,7.2,1165,1.0746268656716418,0,4.375255094603872,0.24561467672982312
Bafodé,Diakité,Bournemouth,Defender,Crystal Palace,False,45,4.8,1140,1.0666666666666669,0,3.5923198500080566,0.2969297588198541
Chris,Richards,Crystal Palace,Defender,Bournemouth,True,45,4.8,1180,1.0666666666666669,0,2.0586634591635513,0.518135522306332
Joachim,Andersen,Fulham,Defender,Arsenal,True,45,4.8,1325,1.0666666666666669,0,2.6726124191242437,0.3991101212558872
Moisés,Caicedo Corozo,Chelsea,Midfielder,Nott'm Forest,False,57,6.0,1165,1.0526315789473684,0,3.644957377763735,0.28879119008880755
Granit,Xhaka,Sunderland,Midfielder,Wolves,True,50,5.2,1125,1.04,0,2.0701966780270626,0.5023677272012339
Sean,Longstaff,Leeds,Midfielder,Burnley,False,49,5.0,1050,1.020408163265306,0,5.033222956847166,0.20273454444873115
Maxence,Lacroix,Crystal Palace,Defender,Bournemouth,True,51,5.2,1180,1.019607843137255,0,3.2513733362117265,0.313592976783537
João Maria,Lobo Alves Palhares Costa Palhinha Gonçalves,Spurs,Midfielder,Aston Villa,True,55,5.6,1250,1.018181818181818,0,4.111540089159037,0.24764000741874662
Gabriel,dos Santos Magalhães,Arsenal,Defender,Fulham,False,63,6.4,1125,1.015873015873016,1,3.9880774697543058,0.2547275030581593
Micky,van de Ven,Spurs,Defender,Aston Villa,True,48,4.8,1250,1.0,0,4.68533680244878,0.21343182831111573
El Hadji Malick,Diouf,West Ham,Defender,Brentford,True,44,4.4,1185,1.0,0,3.093772546815388,0.3232299675777271
Tyrick,Mitchell,Crystal Palace,Defender,Bournemouth,True,50,5.0,1180,1.0,0,3.1622776601683795,0.31622776601683794
Nick,Pope,Newcastle,Goalkeeper,Brighton,False,51,5.0,1150,0.9803921568627452,0,2.410295378065479,0.40675187190111745
Cristian,Romero,Spurs,Defender,Aston Villa,True,51,5.0,1250,0.9803921568627452,0,3.994043183589901,0.24546358459288245
Đorđe,Petrović,Bournemouth,Goalkeeper,Crystal Palace,False,45,4.4,1140,0.977777777777778,0,1.7728105208558367,0.551541050932927
Anton,Stach,Leeds,Midfielder,Burnley,False,50,4.6,1050,0.92,0,5.089672082242814,0.18075820703847645
Jordan,Pickford,Everton,Goalkeeper,Man City,False,55,5.0,1275,0.9090909090909092,0,5.023753102820165,0.18095851656813633
João Pedro,Junqueira de Jesus,Chelsea,Forward,Nott'm Forest,False,77,7.0,1165,0.9090909090909092,0,5.061526214398936,0.1796080610043556
Guglielmo,Vicario,Spurs,Goalkeeper,Aston Villa,True,51,4.6,1250,0.9019607843137256,0,3.5118845842842465,0.25683098708597035
Dan,Burn,Newcastle,Defender,Brighton,False,51,4.6,1150,0.9019607843137256,1,3.9761191895520196,0.22684450372709966
Hjalmar,Ekdal,Burnley,Defender,Leeds,True,40,3.6,1075,0.9,0,3.1471831698777724,0.2859700091860092
Lucas,Tolentino Coelho de Lima,West Ham,Midfielder,Brentford,True,59,5.2,1185,0.8813559322033898,0,3.804758924845367,0.23164567049125454
Martín,Zubimendi Ibáñez,Arsenal,Midfielder,Fulham,False,55,4.8,1125,0.8727272727272727,0,5.19156825558337,0.16810474788397162
Yankuba,Minteh,Brighton,Midfielder,Newcastle,True,60,5.2,1245,0.8666666666666667,1,2.5071326821120348,0.3456804152609018
Iliman,Ndiaye,Everton,Midfielder,Man City,False,65,5.6,1275,0.8615384615384615,0,2.4299715851758235,0.354546722601336
Trai,Hume,Sunderland,Defender,Wolves,True,45,3.8,1125,0.8444444444444444,0,2.3603873774083297,0.35775671931089204
James,Tarkowski,Everton,Defender,Man City,False,55,4.6,1275,0.8363636363636363,0,2.63673679998231,0.3171964817911471
Antoine,Semenyo,Bournemouth,Midfielder,Crystal Palace,False,79,6.6,1140,0.8354430379746834,1,5.912053869204928,0.14131181082878674
Nick,Woltemade,Newcastle,Forward,Brighton,False,72,6.0,1150,0.8333333333333333,1,2.943920288775949,0.28306925853614895
Matty,Cash,Aston Villa,Defender,Spurs,False,46,3.8,1130,0.8260869565217391,0,3.670993118515816,0.22503091938666625
Daniel,Muñoz Mejía,Crystal Palace,Defender,Bournemouth,True,56,4.6,1180,0.8214285714285714,0,2.6726124191242437,0.30735042819928804
Virgil,van Dijk,Liverpool,Defender,Man Utd,True,61,5.0,1125,0.819672131147541,0,2.7945525240230875,0.29331069074612576
Sven,Botman,Newcastle,Defender,Brighton,False,49,4.0,1150,0.8163265306122448,0,3.5923198500080566,0.2272421623621332
Riccardo,Calafiori,Arsenal,Defender,Fulham,False,57,4.6,1125,0.8070175438596491,0,5.0990195135927845,0.15826916169046432
Jarrod,Bowen,West Ham,Forward,Brentford,True,77,6.2,1185,0.8051948051948052,0,3.7416573867739413,0.21519736361779626
Martin,Dúbravka,Burnley,Goalkeeper,Leeds,True,40,3.2,1075,0.8,0,1.6761634196950517,0.47728043137079434
Ibrahima,Konaté,Liverpool,Defender,Man Utd,True,55,4.4,1125,0.8,0,3.2071349029490928,0.24944382578492943
Jordan,Henderson,Brentford,Midfielder,West Ham,False,50,4.0,1100,0.8,0,2.1157009420498154,0.3781252747493287
Quilindschy,Hartman,Burnley,Defender,Leeds,True,40,3.2,1075,0.8,0,1.8257418583505538,0.4381780460041329
Ismaïla,Sarr,Crystal Palace,Midfielder,Bournemouth,True,65,5.2,1180,0.8,1,4.220133150686577,0.18956747842656277
Alex,Iwobi,Fulham,Midfielder,Arsenal,True,65,5.2,1325,0.8,0,4.3094580368566735,0.18563819235690285
Igor Thiago,Nascimento Rodrigues,Brentford,Forward,West Ham,False,61,4.8,1100,0.7868852459016393,1,4.2370250120079485,0.18571645049806546
Wilson,Isidor,Sunderland,Forward,Wolves,True,56,4.4,1125,0.7857142857142858,0,3.366501646120693,0.2333919208445018
Dean,Henderson,Crystal Palace,Goalkeeper,Bournemouth,True,50,3.8,1180,0.76,0,2.410295378065479,0.31531405109774624
Yehor,Yarmoliuk,Brentford,Midfielder,West Ham,False,50,3.8,1100,0.76,0,1.9760470401187074,0.3846062287840802
Jérémy,Doku,Man City,Midfielder,Everton,True,66,5.0,1115,0.7575757575757576,0,4.099941927579439,0.18477719220355446
Tyrone,Mings,Aston Villa,Defender,Spurs,False,45,3.4,1130,0.7555555555555555,0,3.251373336211726,0.23238043664215943
Caoimhín,Kelleher,Brentford,Goalkeeper,West Ham,False,45,3.4,1100,0.7555555555555555,0,2.6457513110645907,0.2855731573847494
Jack,Grealish,Everton,Midfielder,Man City,False,69,5.2,1275,0.7536231884057971,0,4.750939756661683,0.15862613019857388
Idrissa Gana,Gueye,Everton,Midfielder,Man City,False,54,4.0,1275,0.7407407407407407,0,2.9358214555806383,0.25231123620705304
Dominik,Szoboszlai,Liverpool,Midfielder,Man Utd,True,65,4.8,1125,0.7384615384615384,0,4.2594432902501635,0.1733704355571236
Santiago,Ignacio Bueno,Wolves,Defender,Sunderland,False,44,3.2,1050,0.7272727272727273,0,4.353433237386437,0.1670572827503247
Marcus,Tavernier,Bournemouth,Midfielder,Crystal Palace,False,55,4.0,1140,0.7272727272727273,0,3.2877840272018797,0.22120453206644605
Lyle,Foster,Burnley,Forward,Leeds,True,50,3.6,1075,0.72,0,2.0816659994661326,0.3458768122189882
Alex,Scott,Bournemouth,Midfielder,Crystal Palace,False,50,3.6,1140,0.72,0,2.6367367999823097,0.273064797368031
Kiernan,Dewsbury-Hall,Everton,Midfielder,Man City,False,50,3.6,1275,0.72,0,4.099941927579439,0.17561224347025814
Michael,Kayode,Brentford,Defender,West Ham,False,45,3.2,1100,0.7111111111111111,0,3.251373336211726,0.21871099919262066
Calvin,Bassey,Fulham,Defender,Arsenal,True,45,3.2,1325,0.7111111111111111,0,3.101458950082625,0.2292827738674944
Declan,Rice,Arsenal,Midfielder,Fulham,False,65,4.6,1125,0.7076923076923076,0,3.450327796711771,0.20510871702298897
Enzo,Le Fée,Sunderland,Midfielder,Wolves,True,49,3.4,1125,0.693877551020408,0,3.7161167647860327,0.1867211379350617
Alisson,Becker,Liverpool,Goalkeeper,Man Utd,True,55,3.8,1125,0.6909090909090909,0,2.9680841985233184,0.23277947817411382
Pape Matar,Sarr,Spurs,Midfielder,Aston Villa,True,50,3.4,1250,0.6799999999999999,0,2.819996622760558,0.24113504055701054
Erling,Haaland,Man City,Forward,Everton,True,145,9.8,1115,0.6758620689655173,1,4.546060565661952,0.14866983384923405
Lucas,Bergvall,Spurs,Midfielder,Aston Villa,True,54,3.6,1250,0.6666666666666666,0,3.785938897200183,0.17609018126512474
Djed,Spence,Spurs,Defender,Aston Villa,True,45,3.0,1250,0.6666666666666666,0,2.581988897471611,0.2581988897471611
Pascal,Struijk,Leeds,Defender,Burnley,False,45,3.0,1050,0.6666666666666666,0,2.819996622760558,0.2364069025068731
Sepp,van den Berg,Brentford,Defender,West Ham,False,45,3.0,1100,0.6666666666666666,0,2.410295378065479,0.2765912728927598
Nathan,Collins,Brentford,Defender,West Ham,False,49,3.2,1100,0.6530612244897959,-1,3.101458950082625,0.21056581273545402
Lamare,Bogarde,Aston Villa,Defender,Spurs,False,40,2.6,1130,0.65,0,3.132015933791495,0.20753406551579567
Gabriel,Gudmundsson,Leeds,Defender,Burnley,False,40,2.6,1050,0.65,0,4.191828786034631,0.15506358517445182
Maxime,Estève,Burnley,Defender,Leeds,True,40,2.6,1075,0.65,0,2.6726124191242437,0.2432077301403062
Emiliano,Buendía Stati,Aston Villa,Midfielder,Spurs,False,53,3.4,1130,0.6415094339622641,0,4.27617987059879,0.15001928201687972
Jake,O'Brien,Everton,Defender,Man City,False,50,3.2,1275,0.64,0,2.2886885410853175,0.27963612720169695
Daichi,Kamada,Crystal Palace,Midfielder,Bournemouth,True,50,3.2,1180,0.64,0,2.340126166724879,0.27348952765897716
Harry,Maguire,Man Utd,Defender,Liverpool,False,44,2.8,1335,0.6363636363636362,0,3.8606685826112948,0.16483249539467332
Dango,Ouattara,Brentford,Midfielder,West Ham,False,60,3.8,1100,0.6333333333333333,0,4.6084807950229365,0.13742779052422657
David,Raya Martín,Arsenal,Goalkeeper,Fulham,False,57,3.6,1125,0.631578947368421,1,3.0237157840738176,0.20887510350509927
Sandro,Tonali,Newcastle,Midfielder,Brighton,False,54,3.4,1150,0.6296296296296295,0,1.2535663410560176,0.5022706888406264
Jayden,Bogle,Leeds,Defender,Burnley,False,45,2.8,1050,0.6222222222222222,0,2.4299715851758235,0.2560615218787427
Lucas,Digne,Aston Villa,Defender,Spurs,False,45,2.8,1130,0.6222222222222222,0,2.23606797749979,0.27826623719997384
Tijjani,Reijnders,Man City,Midfielder,Everton,True,58,3.6,1115,0.6206896551724138,0,3.5050983275386565,0.17708195239369315
Yasin,Ayari,Brighton,Midfielder,Newcastle,True,49,3.0,1245,0.6122448979591836,0,2.340126166724879,0.26162901242886843
Nico,O'Reilly,Man City,Defender,Everton,True,49,3.0,1115,0.6122448979591836,0,2.734262327610589,0.22391593219740943
Pedro,Porro Sauceda,Spurs,Defender,Aston Villa,True,56,3.4,1250,0.6071428571428572,0,2.4299715851758235,0.24985594928219157
Saša,Lukić,Fulham,Midfielder,Arsenal,True,50,3.0,1325,0.6,0,1.9023794624226837,0.31539448982270807
Bernd,Leno,Fulham,Goalkeeper,Arsenal,True,50,3.0,1325,0.6,0,2.410295378065479,0.24893214560348384
Keane,Lewis-Potter,Brentford,Defender,West Ham,False,50,3.0,1100,0.6,0,2.563479777846623,0.23405684928164816
Kieran,Trippier,Newcastle,Defender,Brighton,False,50,3.0,1150,0.6,0,3.38765264987284,0.1771137899933518
Brajan,Gruda,Brighton,Midfielder,Newcastle,True,54,3.2,1245,0.5925925925925926,0,2.563479777846623,0.23116725854977596
Konstantinos,Mavropanos,West Ham,Defender,Brentford,True,44,2.6,1185,0.5909090909090908,0,2.138089935299395,0.27637242061398426
Mikkel,Damsgaard,Brentford,Midfielder,West Ham,False,58,3.4,1100,0.5862068965517241,0,2.870208222079931,0.2042384563050698
Neco,Williams,Nott'm Forest,Defender,Chelsea,True,48,2.8,1245,0.5833333333333334,-1,3.532165125838609,0.16514894195237773
Dominic,Calvert-Lewin,Leeds,Forward,Burnley,False,55,3.2,1050,0.5818181818181819,0,4.0,0.14545454545454548
Emmanuel,Agbadou,Wolves,Defender,Sunderland,False,45,2.6,1050,0.5777777777777778,0,1.632993161855452,0.3538151850686813
Kenny,Tete,Fulham,Defender,Arsenal,True,45,2.6,1325,0.5777777777777778,0,2.0354009783964297,0.2838643510100768
Matheus,Nunes,Man City,Defender,Everton,True,53,3.0,1115,0.5660377358490566,0,4.320493798938574,0.13101227826970066
Mitoma,Kaoru,Brighton,Midfielder,Newcastle,True,64,3.6,1245,0.5625,0,2.340126166724879,0.2403716551690229
Matthijs,de Ligt,Man Utd,Defender,Liverpool,False,50,2.8,1335,0.5599999999999999,0,2.811540841738193,0.19917903794482614
Emiliano,Martínez Romero,Aston Villa,Goalkeeper,Spurs,False,50,2.8,1130,0.5599999999999999,0,2.1157009420498154,0.26468769232453004
Ladislav,Krejcí,Wolves,Defender,Sunderland,False,45,2.5,1050,0.5555555555555556,0,2.701851217221259,0.20562033616600148
John,McGinn,Aston Villa,Midfielder,Spurs,False,54,3.0,1130,0.5555555555555555,0,1.4142135623730951,0.392837100659193
Fabian,Schär,Newcastle,Defender,Brighton,False,54,3.0,1150,0.5555555555555555,0,3.8606685826112948,0.1439013848683656
Elliot,Anderson,Nott'm Forest,Midfielder,Chelsea,True,54,3.0,1245,0.5555555555555555,0,1.6761634196950517,0.331444744007496
Maximilian,Kilman,West Ham,Defender,Brentford,True,44,2.4,1185,0.5454545454545454,0,2.1157009420498154,0.25781268732908774
Francisco Evanilson,de Lima Barbosa,Bournemouth,Forward,Crystal Palace,False,70,3.8,1140,0.5428571428571428,0,2.4784787961282104,0.21902835872760926
Florentino Ibrain,Morris Luís,Burnley,Midfielder,Leeds,True,50,2.6666666666666665,1075,0.5333333333333333,0,1.4142135623730951,0.37712361663282534
Lewis,Dunk,Brighton,Defender,Newcastle,True,45,2.4,1245,0.5333333333333333,0,1.4638501094227998,0.36433602723411906
Richarlison,de Andrade,Spurs,Forward,Aston Villa,True,68,3.6,1250,0.5294117647058824,0,4.649628761422531,0.11386108265209359
Gianluigi,Donnarumma,Man City,Goalkeeper,Everton,True,57,3.0,1115,0.5263157894736842,1,2.6299556396765835,0.20012344753404562
Chemsdine,Talbi,Sunderland,Midfielder,Wolves,True,50,2.6,1125,0.52,0,1.5735915849388864,0.33045423283716613
Adam,Wharton,Crystal Palace,Midfielder,Bournemouth,True,50,2.6,1180,0.52,0,2.214669705568283,0.2347979920854917
Ryan,Sessegnon,Fulham,Midfielder,Arsenal,True,54,2.8,1325,0.5185185185185185,0,2.9277002188455996,0.17710779101658564
Bruno,Borges Fernandes,Man Utd,Midfielder,Liverpool,False,90,4.6,1335,0.5111111111111111,0,4.281744192888377,0.11936983810476683
Callum,Hudson-Odoi,Nott'm Forest,Midfielder,Chelsea,True,59,3.0,1245,0.5084745762711864,-1,3.3094381626464866,0.15364377615823777
Danny,Welbeck,Brighton,Forward,Newcastle,True,63,3.2,1245,0.507936507936508,0,3.779644730092272,0.1343873681810586
Mohammed,Kudus,Spurs,Midfielder,Aston Villa,True,67,3.4,1250,0.5074626865671642,0,4.117326918327103,0.12325052069786814
Cody,Gakpo,Liverpool,Midfielder,Man Utd,True,75,3.8,1125,0.5066666666666666,0,3.3022358947782493,0.15343139703249156
Viktor,Gyökeres,Arsenal,Forward,Fulham,False,91,4.6,1125,0.5054945054945055,1,4.029651999626672,0.12544371214718716
Maxim,De Cuyper,Brighton,Defender,Newcastle,True,44,2.2,1245,0.5,0,2.7688746209726913,0.18057877962865382
Tosin,Adarabioyo,Chelsea,Defender,Nott'm Forest,False,44,2.2,1165,0.5,0,2.9358214555806383,0.1703100844397608
Harry,Wilson,Fulham,Midfielder,Arsenal,True,53,2.6,1325,0.4905660377358491,0,3.055050463303893,0.16057542866422084
Sander,Berge,Fulham,Midfielder,Arsenal,True,49,2.4,1325,0.4897959183673468,-1,0.7559289460184544,0.6479390965872466
Ezri,Konsa Ngoyo,Aston Villa,Defender,Spurs,False,45,2.2,1130,0.4888888888888889,0,1.889822365046136,0.25869568374853774
Jacob,Murphy,Newcastle,Midfielder,Brighton,False,62,3.0,1150,0.4838709677419354,0,1.9880595947760098,0.2433885629049526
Hugo,Ekitiké,Liverpool,Forward,Man Utd,True,87,4.2,1125,0.4827586206896552,0,4.46147530585589,0.10820605015027483
Brenden,Aaronson,Leeds,Midfielder,Burnley,False,54,2.6,1050,0.4814814814814814,0,1.889822365046136,0.25477605217659016
David,Brooks,Bournemouth,Midfielder,Crystal Palace,False,50,2.4,1140,0.48,0,1.2724180205607034,0.37723451903682037
Tyler,Adams,Bournemouth,Midfielder,Crystal Palace,False,50,2.4,1140,0.48,0,1.1338934190276817,0.42332020977033447
Crysencio,Summerville,West Ham,Midfielder,Brentford,True,55,2.6,1185,0.4727272727272727,0,2.380476142847616,0.19858517555306324
Noah,Okafor,Leeds,Midfielder,Burnley,False,55,2.6,1050,0.4727272727272727,0,3.5637059362410923,0.13265047149931053
Bryan,Mbeumo,Man Utd,Midfielder,Liverpool,False,81,3.8,1335,0.4691358024691358,0,3.0783421635988546,0.15239884897027642
Kevin,Schade,Brentford,Midfielder,West Ham,False,70,3.2,1100,0.4571428571428572,0,2.370453040886408,0.1928504168856739
Kyle,Walker-Peters,West Ham,Defender,Brentford,True,44,2.0,1185,0.4545454545454545,0,1.9880595947760098,0.22863774091071304
Jean-Philippe,Mateta,Crystal Palace,Forward,Bournemouth,True,75,3.4,1180,0.4533333333333333,0,1.8644544714716087,0.24314529545766733
Norberto Bercique,Gomes Betuncal,Everton,Forward,Man City,False,53,2.4,1275,0.4528301886792453,-1,2.2677868380553634,0.19967934423128986
James,Hill,Bournemouth,Defender,Crystal Palace,False,40,1.8,1140,0.45,0,2.2886885410853175,0.19661915193869314
Loum,Tchaouna,Burnley,Midfielder,Leeds,True,49,2.2,1075,0.4489795918367347,0,0.8997354108424375,0.49901291693782235
Malick,Thiaw,Newcastle,Defender,Brighton,False,49,2.2,1150,0.4489795918367347,0,3.450327796711771,0.13012664833312965
Leny,Yoro,Man Utd,Defender,Liverpool,False,45,2.0,1335,0.4444444444444444,0,2.410295378065479,0.18439418192850657
Cristhian,Mosquera,Arsenal,Defender,Fulham,False,54,2.4,1125,0.4444444444444444,0,2.4299715851758235,0.18290108705624478
João Victor,Gomes da Silva,Wolves,Midfielder,Sunderland,False,54,2.4,1050,0.4444444444444444,0,1.1338934190276817,0.3919631571947541
Marshall,Munetsi,Wolves,Midfielder,Sunderland,False,54,2.4,1050,0.4444444444444444,0,1.9760470401187074,0.22491592326554394
Mikel,Merino Zazón,Arsenal,Midfielder,Fulham,False,59,2.6,1125,0.4406779661016949,0,2.0354009783964297,0.21650670839751615
Rúben,dos Santos Gato Alves Dias,Man City,Defender,Everton,True,55,2.4,1115,0.4363636363636363,0,3.132015933791495,0.1393235684581565
Dan,Ndoye,Nott'm Forest,Midfielder,Chelsea,True,60,2.6,1245,0.4333333333333333,0,3.2071349029490923,0.13511540563350344
Pedro,Lomba Neto,Chelsea,Midfielder,Nott'm Forest,False,70,3.0,1165,0.4285714285714285,0,1.9518001458970664,0.2195775164134199
Phil,Foden,Man City,Midfielder,Everton,True,81,3.4,1115,0.4197530864197531,0,4.220133150686576,0.09946441769294963
Joško,Gvardiol,Man City,Defender,Everton,True,58,2.4,1115,0.4137931034482758,0,4.429339411136565,0.09342095175815321
Milos,Kerkez,Liverpool,Defender,Man Utd,True,58,2.4,1125,0.4137931034482758,-1,2.2677868380553634,0.1824656076596269
Mateus Gonçalo,Espanha Fernandes,West Ham,Midfielder,Brentford,True,55,2.25,1185,0.4090909090909091,0,0.8944271909999159,0.45737754085222976
Jan Paul,van Hecke,Brighton,Defender,Newcastle,True,44,1.8,1245,0.409090909090909,0,3.579039509354962,0.11430187010275225
Kyle,Walker,Burnley,Defender,Leeds,True,44,1.8,1075,0.409090909090909,-1,2.225394561056747,0.18382848428309667
Hannibal,Mejbri,Burnley,Midfielder,Leeds,True,49,2.0,1075,0.4081632653061224,0,1.6035674514745464,0.2545345161070708
Matz,Sels,Nott'm Forest,Goalkeeper,Chelsea,True,49,2.0,1245,0.4081632653061224,0,0.6900655593423543,0.5914847651505892
Morgan,Rogers,Aston Villa,Midfielder,Spurs,False,69,2.8,1130,0.4057971014492753,0,1.3451854182690988,0.30166629517247506
Noah,Sadiki,Sunderland,Midfielder,Wolves,True,50,2.0,1125,0.4,0,0.8164965809277261,0.4898979485566356
Reinildo,Mandava,Sunderland,Defender,Wolves,True,40,1.6,1125,0.4,0,3.1091263510296048,0.1286535041805354
Karl,Darlow,Leeds,Goalkeeper,Burnley,False,40,1.6,1050,0.4,0,1.3801311186847085,0.28982753492378877
Rodrigo,Martins Gomes,Wolves,Defender,Sunderland,False,45,1.8,1050,0.4,0,2.5727509827124,0.1554755989552817
Bruno,Guimarães Rodriguez Moura,Newcastle,Midfielder,Brighton,False,65,2.6,1150,0.4,0,4.644505202002531,0.0861232752689211
Marc,Cucurella Saseta,Chelsea,Defender,Nott'm Forest,False,61,2.4,1165,0.3934426229508196,0,3.4364987719368982,0.1144893826716153
Jhon,Arias,Wolves,Midfielder,Sunderland,False,52,2.0,1050,0.3846153846153846,0,1.5275252316519468,0.2517898733492219
Xavi,Simons,Spurs,Midfielder,Aston Villa,True,70,2.6666666666666665,1250,0.3809523809523809,-1,2.380476142847616,0.16003200960320113
Brennan,Johnson,Spurs,Midfielder,Aston Villa,True,69,2.6,1250,0.3768115942028985,0,3.670993118515816,0.10264568252725126
Hwang,Hee-chan,Wolves,Midfielder,Sunderland,False,59,2.2,1050,0.3728813559322034,0,2.340126166724879,0.15934241547927697
Abdukodir,Khusanov,Man City,Defender,Everton,True,54,2.0,1115,0.3703703703703703,0,2.8784916685156974,0.12866820995919465
André,Trindade da Costa Neto,Wolves,Midfielder,Sunderland,False,54,2.0,1050,0.3703703703703703,0,1.618347187425374,0.22885717801974984
Reece,James,Chelsea,Defender,Nott'm Forest,False,54,2.0,1165,0.3703703703703703,0,1.7043362064926935,0.21731062742165483
Estêvão,Almeida de Oliveira Gonçalves,Chelsea,Midfielder,Nott'm Forest,False,65,2.4,1165,0.3692307692307692,0,2.9113897843110044,0.12682285663722956
Ollie,Watkins,Aston Villa,Forward,Spurs,False,87,3.2,1130,0.367816091954023,0,2.2677868380553634,0.16219165125300172
Malo,Gusto,Chelsea,Defender,Nott'm Forest,False,49,1.8,1165,0.3673469387755101,0,2.410295378065479,0.15240743608376559
Ethan,Ampadu,Leeds,Midfielder,Burnley,False,49,1.8,1050,0.3673469387755101,0,1.7728105208558367,0.20721161932081203
Will,Hughes,Crystal Palace,Midfielder,Bournemouth,True,49,1.8,1180,0.3673469387755101,0,0.9759000729485331,0.3764185995658627
Robert,Lynch Sánchez,Chelsea,Goalkeeper,Nott'm Forest,False,49,1.8,1165,0.3673469387755101,0,3.545621041711674,0.103605809660406
Fábio,Freitas Gouveia Carvalho,Brentford,Midfielder,West Ham,False,49,1.8,1100,0.3673469387755101,0,2.4299715851758235,0.15117334746485536
Noussair,Mazraoui,Man Utd,Defender,Liverpool,False,49,1.8,1335,0.3673469387755101,0,2.563479777846623,0.14330011180509067
Mathias,Jensen,Brentford,Midfielder,West Ham,False,49,1.8,1100,0.3673469387755101,0,2.058663459163551,0.17843952936570104
Bart,Verbruggen,Brighton,Goalkeeper,Newcastle,True,44,1.6,1245,0.3636363636363636,0,0.5345224838248488,0.6803013430498074
Hugo,Bueno López,Wolves,Defender,Sunderland,False,44,1.6,1050,0.3636363636363636,0,2.760262237369417,0.13173978860172214
William,Osula,Newcastle,Forward,Brighton,False,55,2.0,1150,0.3636363636363636,0,1.4960264830861913,0.24306813264843335
Altay,Bayındır,Man Utd,Goalkeeper,Liverpool,False,50,1.8,1335,0.36,0,0.7867957924694432,0.4575520146976146
Ibrahim,Sangaré,Nott'm Forest,Midfielder,Chelsea,True,50,1.8,1245,0.36,0,1.397276262011544,0.2576441107513968
Benjamin,Sesko,Man Utd,Forward,Liverpool,False,73,2.6,1335,0.3561643835616438,0,3.592319850008056,0.09914606672923211
Mads,Hermansen,West Ham,Goalkeeper,Brentford,True,45,1.6,1185,0.3555555555555555,0,2.563479777846623,0.13870035512986556
Patrick,Dorgu,Man Utd,Defender,Liverpool,False,45,1.6,1335,0.3555555555555555,0,1.7182493859684491,0.2069289583101788
Rio,Ngumoha,Liverpool,Midfielder,Man Utd,True,45,1.6,1125,0.3555555555555555,0,2.193062655175134,0.16212740421096702
Eli Junior,Kroupi,Bournemouth,Forward,Crystal Palace,False,45,1.6,1140,0.3555555555555555,0,2.138089935299395,0.1662958838566196
Bernardo,Mota Veiga de Carvalho e Silva,Man City,Midfielder,Everton,True,63,2.2,1115,0.3492063492063492,-1,1.864454471471609,0.18729679622089218
Gabriel,Martinelli Silva,Arsenal,Midfielder,Fulham,False,69,2.4,1125,0.3478260869565217,0,2.3804761428476167,0.1461161826811836
Emile,Smith Rowe,Fulham,Midfielder,Arsenal,True,58,2.0,1325,0.3448275862068966,0,1.8898223650461359,0.18246560765962697
Eberechi,Eze,Arsenal,Midfielder,Fulham,False,76,2.6,1125,0.3421052631578947,0,2.3401261667248794,0.14619094817297296
Jacob,Bruun Larsen,Burnley,Midfielder,Leeds,True,53,1.8,1075,0.339622641509434,0,1.8126539343499315,0.18736209657759753
Lewis,Hall,Newcastle,Defender,Brighton,False,53,1.8,1150,0.339622641509434,0,2.563479777846623,0.13248500902734803
Rodrigo,Bentancur,Spurs,Midfielder,Aston Villa,True,53,1.8,1250,0.339622641509434,-1,1.2909944487358056,0.26307056691220193
Yéremy,Pino Santos,Crystal Palace,Midfielder,Bournemouth,True,59,2.0,1180,0.3389830508474576,0,1.0954451150103321,0.3094477726017888
Callum,Wilson,West Ham,Forward,Brentford,True,59,2.0,1185,0.3389830508474576,0,2.439750182371333,0.1389417053011471
Habib,Diarra,Sunderland,Midfielder,Wolves,True,54,1.8,1125,0.3333333333333333,0,1.7043362064926935,0.1955795646794894
William,Saliba,Arsenal,Defender,Fulham,False,60,2.0,1125,0.3333333333333333,0,3.408672412985387,0.0977897823397447
Mohamed,Salah,Liverpool,Midfielder,Man Utd,True,144,4.8,1125,0.3333333333333333,-1,2.794552524023087,0.11927968090342449
Carlos Henrique,Casimiro,Man Utd,Midfielder,Liverpool,False,55,1.8,1335,0.3272727272727272,0,1.9518001458970664,0.16767737617024794
Boubacar,Kamara,Aston Villa,Midfielder,Spurs,False,49,1.6,1130,0.3265306122448979,0,2.410295378065479,0.13547327651890276
Manuel,Ugarte Ribeiro,Man Utd,Midfielder,Liverpool,False,49,1.6,1335,0.3265306122448979,0,1.2724180205607034,0.2566221217937553
Raúl,Jiménez Rodríguez,Fulham,Forward,Arsenal,True,62,2.0,1325,0.3225806451612903,-1,1.9760470401187076,0.16324542817660445
James,Milner,Brighton,Midfielder,Newcastle,True,50,1.6,1245,0.32,0,2.0701966780270626,0.15457468529268734
Ferdi,Kadıoğlu,Brighton,Defender,Newcastle,True,44,1.4,1245,0.3181818181818181,0,1.4960264830861913,0.21268461606737918
Joël,Veltman,Brighton,Defender,Newcastle,True,44,1.4,1245,0.3181818181818181,0,1.414213562373095,0.22498852128662875
Adam,Smith,Bournemouth,Defender,Crystal Palace,False,44,1.4,1140,0.3181818181818181,0,2.193062655175134,0.14508560320015512
Amad,Diallo,Man Utd,Midfielder,Liverpool,False,63,2.0,1335,0.3174603174603174,0,1.6329931618554523,0.1944039478399347
Georginio,Rutter,Brighton,Midfielder,Newcastle,True,57,1.8,1245,0.3157894736842105,-1,2.2886885410853175,0.1379783522376794
Rodrigo 'Rodri',Hernandez Cascante,Man City,Midfielder,Everton,True,64,2.0,1115,0.3125,0,1.511857892036909,0.20669932117692114
Luke,Shaw,Man Utd,Defender,Liverpool,False,45,1.4,1335,0.3111111111111111,0,1.7728105208558367,0.1754903343877495
Josh,King,Fulham,Midfielder,Arsenal,True,45,1.4,1325,0.3111111111111111,0,0.7559289460184545,0.41156131505449184
James,Ward-Prowse,West Ham,Midfielder,Brentford,True,58,1.8,1185,0.3103448275862069,0,1.1338934190276817,0.2736984114894404
Tolu,Arokodare,Wolves,Forward,Sunderland,False,55,1.6666666666666667,1050,0.303030303030303,0,0.5773502691896257,0.524863881081478
Curtis,Jones,Liverpool,Midfielder,Man Utd,True,54,1.6,1125,0.2962962962962963,0,1.2724180205607034,0.2328608142202595
Veljko,Milosavljevic,Bournemouth,Defender,Crystal Palace,False,45,1.3333333333333333,1140,0.2962962962962963,0,1.8929694486000914,0.15652460556899978
Rodrigo,Muniz Carvalho,Fulham,Forward,Arsenal,True,55,1.6,1325,0.2909090909090909,0,2.7945525240230875,0.10409863060662498
Josh,Laurent,Burnley,Midfielder,Leeds,True,49,1.4,1075,0.2857142857142857,0,0.7867957924694432,0.3631365196012814
Mats,Wieffer,Brighton,Midfielder,Newcastle,True,49,1.4,1245,0.2857142857142857,0,1.6035674514745462,0.1781741612749496
Ryan,Christie,Bournemouth,Midfielder,Crystal Palace,False,50,1.4,1140,0.2799999999999999,0,1.3451854182690985,0.20814974366900782
Kristoffer,Ajer,Brentford,Defender,West Ham,False,44,1.2,1100,0.2727272727272727,0,1.4638501094227998,0.18630819574471996
Diogo,Dalot Teixeira,Man Utd,Defender,Liverpool,False,44,1.2,1335,0.2727272727272727,0,3.2513733362117265,0.08388063889489711
Joelinton Cássio,Apolinário de Lira,Newcastle,Midfielder,Brighton,False,59,1.6,1150,0.2711864406779661,0,1.3451854182690985,0.20159781469153304
Lucas Estella,Perri,Leeds,Goalkeeper,Burnley,False,45,1.2,1050,0.2666666666666666,0,2.9277002188455996,0.09108400680852974
Justin,Devenny,Crystal Palace,Midfielder,Bournemouth,True,45,1.2,1180,0.2666666666666666,0,0.3779644730092272,0.7055336829505574
Nikola,Milenković,Nott'm Forest,Defender,Chelsea,True,53,1.4,1245,0.2641509433962264,-1,0.7559289460184545,0.3494388524047572
Noni,Madueke,Arsenal,Midfielder,Fulham,False,69,1.8,1125,0.2608695652173913,0,1.2724180205607036,0.205018760346098
Leandro,Trossard,Arsenal,Midfielder,Fulham,False,69,1.8,1125,0.2608695652173913,0,1.4960264830861911,0.17437496472605005
Evann,Guessand,Aston Villa,Midfielder,Spurs,False,63,1.6,1130,0.253968253968254,0,0.9511897312113418,0.26700062630493815
Alexis,Mac Allister,Liverpool,Midfielder,Man Utd,True,63,1.6,1125,0.253968253968254,0,1.5735915849388864,0.16139400871168066
Harvey,Barnes,Newcastle,Midfielder,Brighton,False,64,1.6,1150,0.25,-1,0.9511897312113418,0.26282874151892344
Federico,Chiesa,Liverpool,Midfielder,Man Utd,True,64,1.6,1125,0.25,0,2.449489742783178,0.10206207261596577
Florian,Wirtz,Liverpool,Midfielder,Man Utd,True,81,2.0,1125,0.2469135802469136,-1,1.0690449676496976,0.23096650535641614
Jefferson,Lerma Solís,Crystal Palace,Midfielder,Bournemouth,True,49,1.2,1180,0.2448979591836734,0,0.8997354108424372,0.2721888637842667
Ilia,Gruev,Leeds,Midfielder,Burnley,False,49,1.2,1050,0.2448979591836734,0,1.1547005383792515,0.21208785398802574
Chris,Wood,Nott'm Forest,Forward,Chelsea,True,74,1.8,1245,0.2432432432432432,0,4.2370250120079485,0.0574089703397736
Morgan,Gibbs-White,Nott'm Forest,Midfielder,Chelsea,True,74,1.8,1245,0.2432432432432432,0,1.3972762620115438,0.17408385861580866
Lukas,Nmecha,Leeds,Forward,Burnley,False,50,1.2,1050,0.24,0,1.4960264830861913,0.16042496754796604
Frank,Onyeka,Brentford,Midfielder,West Ham,False,50,1.2,1100,0.24,0,1.7182493859684491,0.13967704685937068
Donyell,Malen,Aston Villa,Midfielder,Spurs,False,51,1.2,1130,0.2352941176470588,0,5.241773600241666,0.044888264086074
David,Møller Wolfe,Wolves,Defender,Sunderland,False,44,1.0,1050,0.2272727272727272,0,1.4142135623730951,0.1607060866333062
Toti,Gomes,Wolves,Defender,Sunderland,False,44,1.0,1050,0.2272727272727272,0,1.6035674514745464,0.14172944646870986
José,Malheiro de Sá,Wolves,Goalkeeper,Sunderland,False,44,1.0,1050,0.2272727272727272,0,1.1126972805283735,0.20425387142566295
Timothy,Castagne,Fulham,Defender,Arsenal,True,44,1.0,1325,0.2272727272727272,0,1.1547005383792515,0.1968239554055542
Destiny,Udogie,Spurs,Defender,Aston Villa,True,44,1.0,1250,0.2272727272727272,0,0.816496580927726,0.278351107134452
Lewis,Miley,Newcastle,Midfielder,Brighton,False,44,1.0,1150,0.2272727272727272,0,1.0,0.2272727272727272
Wilson,Odobert,Spurs,Midfielder,Aston Villa,True,53,1.2,1250,0.2264150943396226,0,0.48795003647426666,0.464012864873642
Simon,Adingra,Sunderland,Midfielder,Wolves,True,53,1.2,1125,0.2264150943396226,0,2.0354009783964293,0.11123857006200395
Max,Dowman,Arsenal,Midfielder,Fulham,False,45,1.0,1125,0.2222222222222222,0,1.6020819787597222,0.13870839642941316
Sam,Johnstone,Wolves,Goalkeeper,Sunderland,False,45,1.0,1050,0.2222222222222222,0,1.4638501094227998,0.15180667801421627
Jackson,Tchatchoua,Wolves,Defender,Sunderland,False,45,1.0,1050,0.2222222222222222,0,1.224744871391589,0.18144368465060579
Dilane,Bakwa,Nott'm Forest,Midfielder,Chelsea,True,60,1.3333333333333333,1245,0.2222222222222222,0,0.5,0.4444444444444444
Lutsharel,Geertruida,Sunderland,Defender,Wolves,True,45,1.0,1125,0.2222222222222222,0,0.3779644730092272,0.5879447357921312
Oscar,Bobb,Man City,Midfielder,Everton,True,55,1.2,1115,0.2181818181818181,0,1.9518001458970666,0.11178491744683192
Niclas,Füllkrug,West Ham,Forward,Brentford,True,57,1.2,1185,0.2105263157894736,0,0.7867957924694431,0.2675742776009441
Thierno,Barry,Everton,Forward,Man City,False,57,1.2,1275,0.2105263157894736,-1,0.3779644730092272,0.5570002760135978
Carlos,Baleba,Brighton,Midfielder,Newcastle,True,48,1.0,1245,0.2083333333333333,0,1.0690449676496976,0.19487798889447605
Diego,Gómez Amarilla,Brighton,Midfielder,Newcastle,True,49,1.0,1245,0.2040816326530612,0,1.0,0.2040816326530612
Tim,Iroegbunam,Everton,Midfielder,Man City,False,49,1.0,1275,0.2040816326530612,0,1.3972762620115438,0.1460567521266422
Mason,Mount,Man Utd,Midfielder,Liverpool,False,59,1.2,1335,0.2033898305084745,0,3.4086724129853865,0.05966834176662387
Douglas Luiz,Soares de Paulo,Nott'm Forest,Midfielder,Chelsea,True,50,1.0,1245,0.2,0,2.0412414523193148,0.09797958971132714
Aaron,Hickey,Brentford,Defender,West Ham,False,40,0.8,1100,0.2,0,0.8997354108424372,0.22228757209048455
Lesley,Ugochukwu,Burnley,Midfielder,Leeds,True,50,1.0,1075,0.2,0,2.6095064302514777,0.07664284620319026
Omar,Marmoush,Man City,Midfielder,Everton,True,83,1.6,1115,0.1927710843373493,0,2.563479777846623,0.07519898772101141
Jean-Ricner,Bellegarde,Wolves,Midfielder,Sunderland,False,53,1.0,1050,0.1886792452830188,0,0.3779644730092272,0.4991983605782245
Fer,López González,Wolves,Midfielder,Sunderland,False,53,1.0,1050,0.1886792452830188,0,1.0690449676496976,0.1764932729610349
Ethan,Nwaneri,Arsenal,Midfielder,Fulham,False,53,1.0,1125,0.1886792452830188,0,1.0690449676496976,0.1764932729610349
Alphonse,Areola,West Ham,Goalkeeper,Brentford,True,43,0.8,1185,0.186046511627907,0,1.2149857925879117,0.15312649148894916
Murillo,Costa dos Santos,Nott'm Forest,Defender,Chelsea,True,54,1.0,1245,0.1851851851851851,0,1.1547005383792515,0.160375074774896
Eddie,Nketiah,Crystal Palace,Forward,Bournemouth,True,54,1.0,1180,0.1851851851851851,0,1.4638501094227998,0.12650556501184682
Bukayo,Saka,Arsenal,Midfielder,Fulham,False,99,1.8,1125,0.1818181818181818,1,3.0783421635988546,0.0590636687396765
Felipe,Rodrigues da Silva,Nott'm Forest,Defender,Chelsea,True,44,0.8,1245,0.1818181818181818,0,1.1547005383792515,0.15745916432444337
Pau,Torres,Aston Villa,Defender,Spurs,False,44,0.8,1130,0.1818181818181818,0,1.4638501094227998,0.12420546382981329
Amine,Adli,Bournemouth,Midfielder,Crystal Palace,False,55,1.0,1140,0.1818181818181818,0,0.408248290463863,0.44536177141512323
Eliezer,Mayenda Dossou,Sunderland,Forward,Wolves,True,55,1.0,1125,0.1818181818181818,0,2.7688746209726918,0.06566501077405591
Andrey,Nascimento dos Santos,Chelsea,Midfielder,Nott'm Forest,False,45,0.8,1165,0.1777777777777777,0,0.7559289460184544,0.2351778943168524
Martin,Ødegaard,Arsenal,Midfielder,Fulham,False,79,1.4,1125,0.1772151898734177,0,1.864454471471609,0.09504935228240903
Anthony,Elanga,Newcastle,Midfielder,Brighton,False,68,1.2,1150,0.1764705882352941,-1,0.9511897312113419,0.1855261704839459
Nico,González Iglesias,Man City,Midfielder,Everton,True,59,1.0,1115,0.1694915254237288,0,1.1338934190276817,0.1494774752013893
Jeremie,Frimpong,Liverpool,Defender,Man Utd,True,59,1.0,1125,0.1694915254237288,0,1.4638501094227998,0.11578475441762258
Youri,Tielemans,Aston Villa,Midfielder,Spurs,False,59,1.0,1130,0.1694915254237288,0,1.2149857925879117,0.13950082911069517
James,Trafford,Man City,Goalkeeper,Everton,True,48,0.8,1115,0.1666666666666666,0,2.5727509827123995,0.0647814995647007
Kobbie,Mainoo,Man Utd,Midfielder,Liverpool,False,48,0.8,1335,0.1666666666666666,0,0.4879500364742666,0.3415650255319865
Arnaud,Kalimuendo,Nott'm Forest,Forward,Chelsea,True,60,1.0,1245,0.1666666666666666,0,0.408248290463863,0.40824829046386285
Oleksandr,Zinchenko,Nott'm Forest,Defender,Chelsea,True,49,0.8,1245,0.1632653061224489,0,0.9759000729485333,0.1672971553626056
Joe,Willock,Newcastle,Midfielder,Brighton,False,50,0.8,1150,0.16,0,1.1338934190276817,0.1411067365901115
Mathys,Tel,Spurs,Midfielder,Aston Villa,True,63,1.0,1250,0.1587301587301587,0,3.184785258515422,0.049840144890695166
Jørgen,Strand Larsen,Wolves,Forward,Sunderland,False,64,1.0,1050,0.15625,0,0.9511897312113418,0.16426796344932715
Cole,Palmer,Chelsea,Midfielder,Nott'm Forest,False,103,1.6,1165,0.1553398058252427,0,2.6367367999823097,0.058913656390082204
Joe,Worrall,Burnley,Defender,Leeds,True,39,0.6,1075,0.1538461538461538,0,0.5345224838248488,0.2878197989826108
Jack,Harrison,Leeds,Midfielder,Burnley,False,52,0.8,1050,0.1538461538461538,-1,0.37796447300922725,0.4070386632407061
Jack,Hinshelwood,Brighton,Midfielder,Newcastle,True,52,0.8,1245,0.1538461538461538,0,0.7867957924694431,0.19553504901607457
Adama,Traoré Diarra,Fulham,Midfielder,Arsenal,True,53,0.8,1325,0.1509433962264151,0,0.6900655593423543,0.21873776220663302
James,McAtee,Nott'm Forest,Midfielder,Chelsea,True,53,0.8,1245,0.1509433962264151,0,0.5345224838248488,0.2823892367376559
Daniel,James,Leeds,Midfielder,Burnley,False,53,0.8,1050,0.1509433962264151,0,1.1547005383792515,0.13072081566557564
Matheus,Santos Carneiro da Cunha,Man Utd,Midfielder,Liverpool,False,80,1.2,1335,0.15,0,0.7559289460184544,0.1984313483298443
Nathan,Aké,Man City,Defender,Everton,True,54,0.8,1115,0.1481481481481481,0,0.5345224838248488,0.2771598064276993
Victor,Lindelöf,Aston Villa,Defender,Spurs,False,45,0.6666666666666666,1130,0.1481481481481481,0,0.5,0.2962962962962962
Harvey,Elliott,Aston Villa,Midfielder,Spurs,False,54,0.8,1130,0.1481481481481481,0,0.5345224838248488,0.2771598064276993
Justin,Kluivert,Bournemouth,Midfielder,Crystal Palace,False,70,1.0,1140,0.1428571428571428,0,2.3603873774083297,0.06052275326688021
Igor Jesus,Maciel da Cruz,Nott'm Forest,Forward,Chelsea,True,58,0.8,1245,0.1379310344827586,0,0.37796447300922725,0.36493121531925377
Wesley,Fofana,Chelsea,Defender,Nott'm Forest,False,44,0.6,1165,0.1363636363636363,0,0.5345224838248488,0.25511300364367767
Rico,Henry,Brentford,Defender,West Ham,False,44,0.6,1100,0.1363636363636363,0,0.7867957924694432,0.1733151570824297
Yerson,Mosquera Valdelamar,Wolves,Defender,Sunderland,False,44,0.6,1050,0.1363636363636363,0,0.7867957924694432,0.1733151570824297
Andy,Irving,West Ham,Midfielder,Brentford,True,44,0.6,1185,0.1363636363636363,0,0.5345224838248488,0.25511300364367767
Soungoutou,Magassa,West Ham,Midfielder,Brentford,True,50,0.6666666666666666,1185,0.1333333333333333,0,0.816496580927726,0.16329931618554516
Daniel,Ballard,Sunderland,Defender,Wolves,True,46,0.6,1125,0.1304347826086956,0,6.129553700835696,0.021279654111018276
James,Justin,Leeds,Defender,Burnley,False,40,0.5,1050,0.125,0,0.5477225575051661,0.22821773229381923
Chris,Rigg,Sunderland,Midfielder,Wolves,True,48,0.6,1125,0.125,0,0.5345224838248488,0.23385358667337133
Vitalii,Mykolenko,Everton,Defender,Man City,False,49,0.6,1275,0.1224489795918367,0,1.4142135623730951,0.0865845038187609
Luis Guilherme,Lira dos Santos,West Ham,Midfielder,Brentford,True,49,0.6,1185,0.1224489795918367,0,0.5345224838248488,0.2290810644963637
Tyrique,George,Chelsea,Midfielder,Nott'm Forest,False,49,0.6,1165,0.1224489795918367,0,1.1338934190276817,0.10798984943120775
Tanaka,Ao,Leeds,Midfielder,Burnley,False,49,0.6,1050,0.1224489795918367,0,1.0,0.1224489795918367
Brian,Brobbey,Sunderland,Forward,Wolves,True,55,0.6666666666666666,1125,0.1212121212121212,0,0.5,0.2424242424242424
Rico,Lewis,Man City,Defender,Everton,True,50,0.6,1115,0.12,0,4.0,0.03
Antonee,Robinson,Fulham,Defender,Arsenal,True,50,0.6,1325,0.12,0,0.5345224838248488,0.22449944320643647
Conor,Bradley,Liverpool,Defender,Man Utd,True,50,0.6,1125,0.12,0,0.7867957924694432,0.15251733823253819
Sávio,Moreira de Oliveira,Man City,Midfielder,Everton,True,69,0.8,1115,0.1159420289855072,0,1.1547005383792515,0.10040874246776098
Myles,Lewis-Skelly,Arsenal,Defender,Fulham,False,52,0.6,1125,0.1153846153846153,-1,0.5345224838248488,0.21586484923695798
Wilfried,Gnonto,Leeds,Midfielder,Burnley,False,52,0.6,1050,0.1153846153846153,0,1.2149857925879117,0.0949678721253578
Carlos,Alcaraz Durán,Everton,Midfielder,Man City,False,53,0.6,1275,0.1132075471698113,0,0.4879500364742666,0.23200643243682104
Kevin,Santos Lopes de Macedo,Fulham,Midfielder,Arsenal,True,60,0.6666666666666666,1325,0.1111111111111111,0,0.5,0.2222222222222222
John,Stones,Man City,Defender,Everton,True,55,0.6,1115,0.109090909090909,0,2.1380899352993947,0.05102260072873553
Omari,Hutchinson,Nott'm Forest,Midfielder,Chelsea,True,55,0.6,1245,0.109090909090909,0,0.5163977794943222,0.21125363706585895
Tomáš,Souček,West Ham,Midfielder,Brentford,True,57,0.6,1185,0.1052631578947368,0,1.618347187425374,0.0650436190161394
Joshua,Zirkzee,Man Utd,Forward,Liverpool,False,58,0.6,1335,0.1034482758620689,-1,0.5345224838248488,0.19353400276416924
Oliver,Sonne,Burnley,Defender,Leeds,True,40,0.4,1075,0.1,0,0.5345224838248488,0.18708286933869708
Liam,Delap,Chelsea,Forward,Nott'm Forest,False,62,0.6,1165,0.0967741935483871,0,0.7867957924694431,0.12299785341333727
Jamie,Bynoe-Gittens,Chelsea,Midfielder,Nott'm Forest,False,62,0.6,1165,0.0967741935483871,0,0.4879500364742666,0.1983280793411535
Ian,Maatsen,Aston Villa,Defender,Spurs,False,43,0.4,1130,0.0930232558139535,0,0.5345224838248488,0.17403057612902054
Marc,Guiu Paz,Chelsea,Forward,Nott'm Forest,False,43,0.4,1165,0.0930232558139535,0,0.5345224838248488,0.17403057612902054
Kevin,Danso,Spurs,Defender,Aston Villa,True,43,0.4,1250,0.0930232558139535,0,0.5345224838248488,0.17403057612902054
Diego,Coppola,Brighton,Defender,Newcastle,True,44,0.4,1245,0.0909090909090909,0,0.48795003647426666,0.18630819574471993
Nayef,Aguerd,West Ham,Defender,Brentford,True,44,0.4,1185,0.0909090909090909,0,0.7867957924694432,0.11554343805495317
Freddie,Potts,West Ham,Midfielder,Brentford,True,44,0.4,1185,0.0909090909090909,0,0.5345224838248488,0.17007533576245185
Tyler,Dibling,Everton,Midfielder,Man City,False,55,0.5,1275,0.0909090909090909,0,0.5477225575051661,0.16597653257732306
Ryan,Yates,Nott'm Forest,Midfielder,Chelsea,True,48,0.4,1245,0.0833333333333333,0,0.5345224838248488,0.15590239111558082
Jorrel,Hato,Chelsea,Defender,Nott'm Forest,False,48,0.4,1165,0.0833333333333333,0,0.7867957924694432,0.10591481821704038
Ola,Aina,Nott'm Forest,Defender,Chelsea,True,48,0.4,1245,0.0833333333333333,0,1.4638501094227998,0.05692750425533108
Tom,Cairney,Fulham,Midfielder,Arsenal,True,49,0.4,1325,0.0816326530612244,0,0.7867957924694432,0.10375329131465172
Vitaly,Janelt,Brentford,Midfielder,West Ham,False,49,0.4,1100,0.0816326530612244,0,0.5345224838248488,0.15272070966424234
Armando,Broja,Burnley,Forward,Leeds,True,53,0.4,1075,0.0754716981132075,0,0.5345224838248488,0.14119461836882788
Zian,Flemming,Burnley,Forward,Leeds,True,53,0.4,1075,0.0754716981132075,0,0.5345224838248488,0.14119461836882788
Jacob,Ramsey,Newcastle,Midfielder,Brighton,False,53,0.4,1150,0.0754716981132075,0,0.4879500364742666,0.15467095495788064
Stefanos,Tzimas,Brighton,Forward,Newcastle,True,53,0.4,1245,0.0754716981132075,-1,1.4638501094227998,0.05155698498596021
Matt,O'Riley,Brighton,Midfielder,Newcastle,True,55,0.4,1245,0.0727272727272727,0,3.728908942943218,0.01950363332548133
Merlin,Röhl,Everton,Midfielder,Man City,False,50,0.3333333333333333,1275,0.0666666666666666,0,0.5,0.1333333333333332
Samuel,Chukwueze,Fulham,Midfielder,Arsenal,True,54,0.3333333333333333,1325,0.0617283950617283,0,1.892969448600091,0.032609292826874914
Christantus,Uche,Crystal Palace,Forward,Bournemouth,True,55,0.3333333333333333,1180,0.0606060606060606,0,0.5773502691896257,0.1049727762162956
Bertrand,Traoré,Sunderland,Midfielder,Wolves,True,55,0.3333333333333333,1125,0.0606060606060606,0,0.5,0.1212121212121212
Alexander,Isak,Liverpool,Forward,Man Utd,True,106,0.6,1125,0.0566037735849056,0,1.864454471471609,0.03035942923306054
Ayden,Heaven,Man Utd,Defender,Liverpool,False,39,0.2,1335,0.0512820512820512,0,0.37796447300922725,0.13567955441356852
Nathaniel,Clyne,Crystal Palace,Defender,Bournemouth,True,39,0.2,1180,0.0512820512820512,0,0.37796447300922725,0.13567955441356852
Sam,Byram,Leeds,Defender,Burnley,False,39,0.2,1050,0.0512820512820512,0,0.37796447300922725,0.13567955441356852
Julio,Soler Barreto,Bournemouth,Defender,Crystal Palace,False,40,0.2,1140,0.05,0,0.37796447300922725,0.13228756555322954
Jenson,Seelt,Sunderland,Defender,Wolves,True,40,0.2,1125,0.05,0,0.4879500364742666,0.10246950765959599
Ki-Jana,Hoever,Wolves,Defender,Sunderland,False,40,0.2,1050,0.05,0,0.4879500364742666,0.10246950765959599
Arthur,Masuaku,Sunderland,Defender,Wolves,True,40,0.2,1125,0.05,0,0.37796447300922725,0.13228756555322954
Jamaal,Lascelles,Newcastle,Defender,Brighton,False,44,0.2,1150,0.0454545454545454,0,0.37796447300922725,0.12026142323020851
Jorge,Cuenca Barreno,Fulham,Defender,Arsenal,True,44,0.2,1325,0.0454545454545454,0,0.7867957924694432,0.05777171902747652
Matt,Doherty,Wolves,Defender,Sunderland,False,44,0.2,1050,0.0454545454545454,0,0.5773502691896257,0.0787295821622216
Séamus,Coleman,Everton,Defender,Man City,False,44,0.2,1275,0.0454545454545454,0,0.48795003647426666,0.09315409787235986
Filip,Jörgensen,Chelsea,Goalkeeper,Nott'm Forest,False,44,0.2,1165,0.0454545454545454,0,0.37796447300922725,0.12026142323020851
Bradley,Burrowes,Aston Villa,Midfielder,Spurs,False,45,0.2,1130,0.0444444444444444,0,0.408248290463863,0.10886621079036335
Harrison,Armstrong,Everton,Midfielder,Man City,False,45,0.2,1275,0.0444444444444444,0,0.37796447300922725,0.11758894715842612
Igor Julio,dos Santos de Paulo,West Ham,Defender,Brentford,True,45,0.2,1185,0.0444444444444444,0,0.37796447300922725,0.11758894715842612
Dan,Neil,Sunderland,Midfielder,Wolves,True,48,0.2,1125,0.0416666666666666,-1,0.37796447300922725,0.11023963796102443
Facundo,Buonanotte,Chelsea,Midfielder,Nott'm Forest,False,48,0.2,1165,0.0416666666666666,0,0.37796447300922725,0.11023963796102443
Romain,Esse,Crystal Palace,Midfielder,Bournemouth,True,48,0.2,1180,0.0416666666666666,0,0.37796447300922725,0.11023963796102443
Amadou,Onana,Aston Villa,Midfielder,Spurs,False,48,0.2,1130,0.0416666666666666,-1,1.8257418583505538,0.022821773229381885
Archie,Gray,Spurs,Midfielder,Aston Villa,True,48,0.2,1250,0.0416666666666666,-1,1.1338934190276817,0.03674654598700815
Endo,Wataru,Liverpool,Midfielder,Man Utd,True,49,0.2,1125,0.0408163265306122,0,1.4638501094227998,0.027882859227100917
Ben,Gannon-Doak,Bournemouth,Midfielder,Crystal Palace,False,49,0.2,1140,0.0408163265306122,0,1.4960264830861913,0.027283157746252697
Lewis,Cook,Bournemouth,Midfielder,Crystal Palace,False,49,0.2,1140,0.0408163265306122,0,0.37796447300922725,0.10798984943120765
Saša,Kalajdžić,Wolves,Forward,Sunderland,False,49,0.2,1050,0.0408163265306122,0,0.37796447300922725,0.10798984943120765
Roméo,Lavia,Chelsea,Midfielder,Nott'm Forest,False,49,0.2,1165,0.0408163265306122,0,0.4879500364742666,0.08364857768130275
Odsonne,Édouard,Crystal Palace,Forward,Bournemouth,True,50,0.2,1180,0.04,0,0.37796447300922725,0.10583005244258362
Joe,Gomez,Liverpool,Defender,Man Utd,True,50,0.2,1125,0.04,0,0.4879500364742666,0.08197560612767679
Joël,Piroe,Leeds,Forward,Burnley,False,52,0.2,1050,0.0384615384615384,0,0.7867957924694432,0.048883762254018574
Patrick,Roberts,Sunderland,Midfielder,Wolves,True,54,0.2,1125,0.037037037037037,0,0.37796447300922725,0.09799078929868843
Dwight,McNeil,Everton,Midfielder,Man City,False,56,0.2,1275,0.0357142857142857,0,0.37796447300922725,0.09449111825230676
Rayan,Aït-Nouri,Man City,Defender,Everton,True,58,0.2,1115,0.0344827586206896,0,3.3594217189442417,0.010264492375648039
Andrew,Robertson,Liverpool,Defender,Man Utd,True,58,0.2,1125,0.0344827586206896,0,0.4879500364742666,0.07066862597213504
Jadon,Sancho,Aston Villa,Midfielder,Spurs,False,59,0.2,1130,0.0338983050847457,0,0.37796447300922725,0.08968648512083341
Rayan,Cherki,Man City,Midfielder,Everton,True,63,0.2,1115,0.0317460317460317,0,2.2360679774997894,0.014197256999998648
Alejandro,Garnacho Ferreyra,Chelsea,Midfielder,Nott'm Forest,False,64,0.2,1165,0.03125,0,0.7867957924694432,0.03971805683139015
Dominic,Solanke-Mitchell,Spurs,Forward,Aston Villa,True,72,0.2,1250,0.0277777777777777,0,0.4879500364742666,0.05692750425533094
Anthony,Gordon,Newcastle,Midfielder,Brighton,False,74,0.2,1150,0.027027027027027,0,2.0,0.0135135135135135
Jaka,Bijol,Leeds,Defender,Burnley,False,39,0.0,1050,0.0,0,0.3779644730092272,0.0
Alex,Cairns,Leeds,Goalkeeper,Burnley,False,40,0.0,1050,0.0,0,0.3779644730092272,0.0
Illan,Meslier,Leeds,Goalkeeper,Burnley,False,44,0.0,1050,0.0,0,0.3779644730092272,0.0
Jonah,Kusi-Asare,Fulham,Forward,Arsenal,True,45,0.0,1325,0.0,0,0.3779644730092272,0.0
Benjamin,Lecomte,Fulham,Goalkeeper,Arsenal,True,40,0.0,1325,0.0,0,0.3779644730092272,0.0
Harrison,Reed,Fulham,Midfielder,Arsenal,True,44,0.0,1325,0.0,0,0.3779644730092272,0.0
Luke,Harris,Fulham,Midfielder,Arsenal,True,45,0.0,1325,0.0,0,0.3779644730092272,0.0
Martial,Godo,Fulham,Midfielder,Arsenal,True,45,0.0,1325,0.0,0,0.3779644730092272,0.0
Andreas,Hoelgebaum Pereira,Fulham,Midfielder,Arsenal,True,53,0.0,1325,0.0,0,0.3779644730092272,0.0
Reece,Welch,Everton,Defender,Man City,False,39,0.0,1275,0.0,0,0.3779644730092272,0.0
Roman,Dixon,Everton,Defender,Man City,False,39,0.0,1275,0.0,0,0.3779644730092272,0.0
Nathan,Patterson,Everton,Defender,Man City,False,44,0.0,1275,0.0,0,0.3779644730092272,0.0
Jarrad,Branthwaite,Everton,Defender,Man City,False,53,0.0,1275,0.0,0,0.3779644730092272,0.0
Chadi,Riad Dnanou,Crystal Palace,Defender,Bournemouth,True,40,0.0,1180,0.0,0,0.3779644730092272,0.0
Borna,Sosa,Crystal Palace,Defender,Bournemouth,True,49,0.0,1180,0.0,0,0.3779644730092272,0.0
Rio,Cardines,Crystal Palace,Midfielder,Bournemouth,True,44,0.0,1180,0.0,0,0.3779644730092272,0.0
Zach,Marsh,Crystal Palace,Forward,Bournemouth,True,45,0.0,1180,0.0,0,0.3779644730092272,0.0
Franco,Umeh-Chibueze,Crystal Palace,Midfielder,Bournemouth,True,45,0.0,1180,0.0,0,0.3779644730092272,0.0
Kaden,Rodney,Crystal Palace,Midfielder,Bournemouth,True,45,0.0,1180,0.0,0,0.3779644730092272,0.0
David,Ozoh,Crystal Palace,Midfielder,Bournemouth,True,45,0.0,1180,0.0,0,0.3779644730092272,0.0
Matheus,França de Oliveira,Crystal Palace,Midfielder,Bournemouth,True,45,0.0,1180,0.0,0,0.3779644730092272,0.0
Jesurun,Rak-Sakyi,Crystal Palace,Midfielder,Bournemouth,True,44,0.0,1180,0.0,0,0.3779644730092272,0.0
Malcolm,Ebiowei,Crystal Palace,Midfielder,Bournemouth,True,45,0.0,1180,0.0,0,0.3779644730092272,0.0
Naouirou,Ahamada,Crystal Palace,Midfielder,Bournemouth,True,44,0.0,1180,0.0,0,0.3779644730092272,0.0
Asher,Agbinone,Crystal Palace,Midfielder,Bournemouth,True,45,0.0,1180,0.0,0,0.3779644730092272,0.0
Isaac,Schmidt,Leeds,Defender,Burnley,False,40,0.0,1050,0.0,0,0.3779644730092272,0.0
Sebastiaan,Bornauw,Leeds,Defender,Burnley,False,39,0.0,1050,0.0,0,0.3779644730092272,0.0
Ármin,Pécsi,Liverpool,Goalkeeper,Man Utd,True,39,0.0,1125,0.0,0,0.3779644730092272,0.0
Giorgi,Mamardashvili,Liverpool,Goalkeeper,Man Utd,True,43,0.0,1125,0.0,0,0.7559289460184545,0.0
Harry,Gray,Leeds,Forward,Burnley,False,45,0.0,1050,0.0,0,0.3779644730092272,0.0
Mateo,Joseph Fernández-Regatillo,Leeds,Forward,Burnley,False,50,0.0,1050,0.0,0,0.3779644730092272,0.0
Patrick,Bamford,Leeds,Forward,Burnley,False,49,0.0,1050,0.0,0,0.3779644730092272,0.0
Darko,Gyabi,Leeds,Midfielder,Burnley,False,45,0.0,1050,0.0,0,0.3779644730092272,0.0
Joe,Gelhardt,Leeds,Midfielder,Burnley,False,45,0.0,1050,0.0,0,0.3779644730092272,0.0
Charlie,Crew,Leeds,Midfielder,Burnley,False,45,0.0,1050,0.0,0,0.3779644730092272,0.0
Largie,Ramazani,Leeds,Midfielder,Burnley,False,49,0.0,1050,0.0,0,0.3779644730092272,0.0
Sam,Greenwood,Leeds,Midfielder,Burnley,False,49,0.0,1050,0.0,0,0.3779644730092272,0.0
Cheick,Doucouré,Crystal Palace,Midfielder,Bournemouth,True,49,0.0,1180,0.0,0,0.3779644730092272,0.0
Caleb,Kporha,Crystal Palace,Defender,Bournemouth,True,40,0.0,1180,0.0,0,0.3779644730092272,0.0
Rob,Holding,Crystal Palace,Defender,Bournemouth,True,40,0.0,1180,0.0,0,0.3779644730092272,0.0
Remi,Matthews,Crystal Palace,Goalkeeper,Bournemouth,True,40,0.0,1180,0.0,0,0.3779644730092272,0.0
Walter,Benítez,Crystal Palace,Goalkeeper,Bournemouth,True,40,0.0,1180,0.0,0,0.3779644730092272,0.0
Landon,Emenalo,Chelsea,Midfielder,Nott'm Forest,False,45,,1165,0.0,0,0.3779644730092272,0.0
Nicolas,Jackson,Chelsea,Forward,Nott'm Forest,False,65,0.0,1165,0.0,0,0.3779644730092272,0.0
Kendry,Páez Andrade,Chelsea,Midfielder,Nott'm Forest,False,45,0.0,1165,0.0,0,0.3779644730092272,0.0
Dário,Luís Essugo,Chelsea,Midfielder,Nott'm Forest,False,44,0.0,1165,0.0,0,0.3779644730092272,0.0
Mykhailo,Mudryk,Chelsea,Midfielder,Nott'm Forest,False,50,0.0,1165,0.0,0,0.3779644730092272,0.0
Konstantinos,Tsimikas,Liverpool,Defender,Man Utd,True,48,0.0,1125,0.0,0,0.3779644730092272,0.0
Freddie,Woodman,Liverpool,Goalkeeper,Man Utd,True,39,0.0,1125,0.0,0,0.3779644730092272,0.0
Trey,Nyoni,Liverpool,Midfielder,Man Utd,True,44,0.0,1125,0.0,0,0.3779644730092272,0.0
Christopher,Nkunku,Chelsea,Midfielder,Nott'm Forest,False,59,0.0,1165,0.0,0,0.3779644730092272,0.0
Aarón,Anselmino,Chelsea,Defender,Nott'm Forest,False,40,0.0,1165,0.0,0,0.3779644730092272,0.0
Josh,Acheampong,Chelsea,Defender,Nott'm Forest,False,40,0.0,1165,0.0,0,3.3594217189442417,0.0
Mamadou,Sarr,Chelsea,Defender,Nott'm Forest,False,45,0.0,1165,0.0,0,0.3779644730092272,0.0
Levi,Samuels Colwill,Chelsea,Defender,Nott'm Forest,False,48,0.0,1165,0.0,0,0.3779644730092272,0.0
Tyler,Morton,Liverpool,Midfielder,Man Utd,True,45,0.0,1125,0.0,0,0.3779644730092272,0.0
James,McConnell,Liverpool,Midfielder,Man Utd,True,44,0.0,1125,0.0,0,0.3779644730092272,0.0
Stefan,Bajčetić Maquieira,Liverpool,Midfielder,Man Utd,True,44,0.0,1125,0.0,0,0.3779644730092272,0.0
Luis,Díaz Marulanda,Liverpool,Midfielder,Man Utd,True,80,0.0,1125,0.0,0,0.3779644730092272,0.0
Calvin,Ramsay,Liverpool,Defender,Man Utd,True,39,0.0,1125,0.0,0,0.3779644730092272,0.0
Rhys,Williams,Liverpool,Defender,Man Utd,True,39,0.0,1125,0.0,0,0.3779644730092272,0.0
Amara,Nallo,Liverpool,Defender,Man Utd,True,39,0.0,1125,0.0,0,0.3779644730092272,0.0
Charalampos,Kostoulas,Brighton,Forward,Newcastle,True,49,0.0,1245,0.0,0,0.3779644730092272,0.0
Evan,Ferguson,Brighton,Forward,Newcastle,True,55,0.0,1245,0.0,0,0.3779644730092272,0.0
Andrew,Moran,Brighton,Midfielder,Newcastle,True,45,0.0,1245,0.0,0,0.3779644730092272,0.0
Adrian,Mazilu,Brighton,Midfielder,Newcastle,True,45,0.0,1245,0.0,0,0.3779644730092272,0.0
Joe,Knight,Brighton,Midfielder,Newcastle,True,45,0.0,1245,0.0,0,0.3779644730092272,0.0
Malick,Yalcouyé,Brighton,Midfielder,Newcastle,True,50,0.0,1245,0.0,0,0.3779644730092272,0.0
Manuel,Akanji,Man City,Defender,Everton,True,54,0.0,1115,0.0,0,0.3779644730092272,0.0
Marcus,Bettinelli,Man City,Goalkeeper,Everton,True,40,0.0,1115,0.0,0,0.3779644730092272,0.0
Stefan,Ortega Moreno,Man City,Goalkeeper,Everton,True,48,0.0,1115,0.0,0,0.3779644730092272,0.0
Ederson,Santana de Moraes,Man City,Goalkeeper,Everton,True,53,0.0,1115,0.0,0,0.3779644730092272,0.0
Giovanni,Leoni,Liverpool,Defender,Man Utd,True,50,0.0,1125,0.0,0,0.3779644730092272,0.0
Jayden,Danns,Liverpool,Forward,Man Utd,True,44,0.0,1125,0.0,0,0.3779644730092272,0.0
Darwin,Núñez Ribeiro,Liverpool,Forward,Man Utd,True,65,0.0,1125,0.0,0,0.3779644730092272,0.0
Tom,Watson,Brighton,Midfielder,Newcastle,True,49,0.0,1245,0.0,0,0.3779644730092272,0.0
Jeremy,Sarmiento Morante,Brighton,Midfielder,Newcastle,True,49,0.0,1245,0.0,0,0.3779644730092272,0.0
Abdallah,Sima,Brighton,Midfielder,Newcastle,True,54,0.0,1245,0.0,0,0.3779644730092272,0.0
Julio,Enciso Espínola,Brighton,Midfielder,Newcastle,True,54,0.0,1245,0.0,0,0.3779644730092272,0.0
Solly,March,Brighton,Midfielder,Newcastle,True,58,0.0,1245,0.0,0,0.3779644730092272,0.0
Charlie,Tasker,Brighton,Defender,Newcastle,True,39,0.0,1245,0.0,0,0.3779644730092272,0.0
Mateo,Kovačić,Man City,Midfielder,Everton,True,59,0.0,1115,0.0,0,0.3779644730092272,0.0
İlkay,Gündoğan,Man City,Midfielder,Everton,True,63,0.0,1115,0.0,0,0.3779644730092272,0.0
Vitor,de Oliveira Nunes dos Reis,Man City,Defender,Everton,True,50,0.0,1115,0.0,0,0.3779644730092272,0.0
Gabriel,Słonina,Chelsea,Goalkeeper,Nott'm Forest,False,40,0.0,1165,0.0,0,0.3779644730092272,0.0
Mike,Penders,Chelsea,Goalkeeper,Nott'm Forest,False,40,0.0,1165,0.0,0,0.3779644730092272,0.0
Pervis,Estupiñán Tenorio,Brighton,Defender,Newcastle,True,45,0.0,1245,0.0,0,0.3779644730092272,0.0
Olivier,Boscagli,Brighton,Defender,Newcastle,True,43,0.0,1245,0.0,0,0.3779644730092272,0.0
Kjell,Scherpen,Brighton,Goalkeeper,Newcastle,True,40,0.0,1245,0.0,0,0.3779644730092272,0.0
Carl,Rushworth,Brighton,Goalkeeper,Newcastle,True,40,0.0,1245,0.0,0,0.3779644730092272,0.0
Tom,McGill,Brighton,Goalkeeper,Newcastle,True,40,0.0,1245,0.0,0,0.3779644730092272,0.0
Dermot,Mee,Man Utd,Goalkeeper,Liverpool,False,40,0.0,1335,0.0,0,0.3779644730092272,0.0
Tom,Heaton,Man Utd,Goalkeeper,Liverpool,False,40,0.0,1335,0.0,0,0.3779644730092272,0.0
Elyh,Harrison,Man Utd,Goalkeeper,Liverpool,False,40,0.0,1335,0.0,0,0.3779644730092272,0.0
André,Onana,Man Utd,Goalkeeper,Liverpool,False,49,0.0,1335,0.0,0,0.3779644730092272,0.0
Ryan,McAidoo,Man City,Midfielder,Everton,True,45,0.0,1115,0.0,0,0.3779644730092272,0.0
Stephen,Mfuni,Man City,Defender,Everton,True,40,0.0,1115,0.0,0,0.3779644730092272,0.0
Divine,Mukasa,Man City,Midfielder,Everton,True,45,0.0,1115,0.0,0,0.3779644730092272,0.0
Kalvin,Phillips,Man City,Midfielder,Everton,True,49,0.0,1115,0.0,0,0.3779644730092272,0.0
Sverre,Nypan,Man City,Midfielder,Everton,True,50,0.0,1115,0.0,0,0.3779644730092272,0.0
Claudio,Echeverri,Man City,Midfielder,Everton,True,54,0.0,1115,0.0,0,0.3779644730092272,0.0
Sékou,Koné,Man Utd,Midfielder,Liverpool,False,44,0.0,1335,0.0,0,0.3779644730092272,0.0
Jack,Fletcher,Man Utd,Midfielder,Liverpool,False,44,0.0,1335,0.0,0,0.3779644730092272,0.0
Jayce,Fitzgerald,Man Utd,Midfielder,Liverpool,False,44,0.0,1335,0.0,0,0.3779644730092272,0.0
Toby,Collyer,Man Utd,Midfielder,Liverpool,False,45,0.0,1335,0.0,0,0.3779644730092272,0.0
Antony,dos Santos,Man Utd,Midfielder,Liverpool,False,59,0.0,1335,0.0,0,0.3779644730092272,0.0
Marcus,Rashford,Man Utd,Midfielder,Liverpool,False,70,0.0,1335,0.0,0,0.3779644730092272,0.0
Tyrell,Malacia,Man Utd,Defender,Liverpool,False,39,0.0,1335,0.0,0,0.3779644730092272,0.0
Tyler,Fredricson,Man Utd,Defender,Liverpool,False,39,0.0,1335,0.0,0,0.3779644730092272,0.0
Harry,Amass,Man Utd,Defender,Liverpool,False,40,0.0,1335,0.0,0,0.3779644730092272,0.0
Diego,León Blanco,Man Utd,Defender,Liverpool,False,43,0.0,1335,0.0,0,0.3779644730092272,0.0
Lisandro,Martínez,Man Utd,Defender,Liverpool,False,49,0.0,1335,0.0,0,0.3779644730092272,0.0
Jacob,Slater,Brighton,Defender,Newcastle,True,40,0.0,1245,0.0,0,0.3779644730092272,0.0
Eiran,Cashin,Brighton,Defender,Newcastle,True,40,0.0,1245,0.0,0,0.3779644730092272,0.0
Adam,Webster,Brighton,Defender,Newcastle,True,44,0.0,1245,0.0,0,0.3779644730092272,0.0
Tariq,Lamptey,Brighton,Defender,Newcastle,True,44,0.0,1245,0.0,0,0.3779644730092272,0.0
Senne,Lammens,Man Utd,Goalkeeper,Liverpool,False,50,0.0,1335,0.0,0,4.5,0.0
Jason,Steele,Brighton,Goalkeeper,Newcastle,True,44,0.0,1245,0.0,0,0.3779644730092272,0.0
Iwan,Morgan,Brentford,Forward,West Ham,False,44,0.0,1100,0.0,0,0.3779644730092272,0.0
Ryan,Trevitt,Brentford,Midfielder,West Ham,False,45,0.0,1100,0.0,0,0.3779644730092272,0.0
Myles,Peart-Harris,Brentford,Midfielder,West Ham,False,44,0.0,1100,0.0,-1,0.3779644730092272,0.0
Paris,Maghoma,Brentford,Midfielder,West Ham,False,45,0.0,1100,0.0,0,0.3779644730092272,0.0
Yunus Emre,Konak,Brentford,Midfielder,West Ham,False,44,0.0,1100,0.0,0,0.3779644730092272,0.0
Romelle,Donovan,Brentford,Midfielder,West Ham,False,45,0.0,1100,0.0,0,0.3779644730092272,0.0
Gustavo,Nunes Fernandes Gomes,Brentford,Midfielder,West Ham,False,49,0.0,1100,0.0,0,0.3779644730092272,0.0
Antoni,Milambo,Brentford,Midfielder,West Ham,False,53,0.0,1100,0.0,0,0.37796447300922725,0.0
Ethan,Wheatley,Man Utd,Forward,Liverpool,False,45,0.0,1335,0.0,0,0.3779644730092272,0.0
Chido,Obi,Man Utd,Forward,Liverpool,False,43,0.0,1335,0.0,0,0.3779644730092272,0.0
Rasmus,Højlund,Man Utd,Forward,Liverpool,False,63,0.0,1335,0.0,0,0.3779644730092272,0.0
Jack,Moorhouse,Man Utd,Midfielder,Liverpool,False,45,0.0,1335,0.0,0,0.3779644730092272,0.0
Miodrag,Pivaš,Newcastle,Defender,Brighton,False,39,0.0,1150,0.0,0,0.3779644730092272,0.0
Jayden,Meghoma,Brentford,Defender,West Ham,False,40,0.0,1100,0.0,0,0.3779644730092272,0.0
Kim,Ji-soo,Brentford,Defender,West Ham,False,39,0.0,1100,0.0,0,0.3779644730092272,0.0
Benjamin,Fredrick,Brentford,Defender,West Ham,False,40,0.0,1100,0.0,0,0.3779644730092272,0.0
Benjamin,Arthur,Brentford,Defender,West Ham,False,40,0.0,1100,0.0,0,0.3779644730092272,0.0
Mads,Roerslev Rasmussen,Brentford,Defender,West Ham,False,45,0.0,1100,0.0,0,0.3779644730092272,0.0
Ethan,Pinnock,Brentford,Defender,West Ham,False,44,0.0,1100,0.0,0,0.5773502691896257,0.0
Hákon Rafn,Valdimarsson,Brentford,Goalkeeper,West Ham,False,40,0.0,1100,0.0,0,0.3779644730092272,0.0
Harrison,Ashby,Newcastle,Defender,Brighton,False,39,0.0,1150,0.0,0,0.3779644730092272,0.0
Alex,Murphy,Newcastle,Defender,Brighton,False,39,0.0,1150,0.0,0,0.3779644730092272,0.0
Josh,Nichols,Arsenal,Defender,Fulham,False,39,0.0,1125,0.0,0,0.3779644730092272,0.0
Emil,Krafth,Newcastle,Defender,Brighton,False,44,0.0,1150,0.0,0,0.3779644730092272,0.0
Odysseas,Vlachodimos,Newcastle,Goalkeeper,Brighton,False,40,0.0,1150,0.0,0,0.3779644730092272,0.0
Mark,Gillespie,Newcastle,Goalkeeper,Brighton,False,40,0.0,1150,0.0,0,0.3779644730092272,0.0
Yoane,Wissa,Newcastle,Forward,Brighton,False,74,0.0,1150,0.0,0,0.3779644730092272,0.0
Guido,Rodríguez,West Ham,Midfielder,Brentford,True,49,0.0,1185,0.0,0,0.7559289460184545,0.0
Sean,Neave,Newcastle,Forward,Brighton,False,44,0.0,1150,0.0,0,0.3779644730092272,0.0
Julian,Eyestone,Brentford,Goalkeeper,West Ham,False,40,0.0,1100,0.0,0,0.3779644730092272,0.0
Matthew,Cox,Brentford,Goalkeeper,West Ham,False,40,0.0,1100,0.0,0,0.3779644730092272,0.0
Ellery,Balcombe,Brentford,Goalkeeper,West Ham,False,40,0.0,1100,0.0,0,0.3779644730092272,0.0
Reiss,Nelson,Brentford,Midfielder,West Ham,False,49,0.0,1100,0.0,0,0.3779644730092272,0.0
Álex,Jiménez Sánchez,Bournemouth,Defender,Crystal Palace,False,45,0.0,1140,0.0,0,0.5,0.0
Remy,Rees-Dottin,Bournemouth,Midfielder,Crystal Palace,False,44,0.0,1140,0.0,0,0.3779644730092272,0.0
Jenson,Metcalfe,Everton,Midfielder,Man City,False,45,0.0,1275,0.0,0,0.3779644730092272,0.0
Daniel,Adu-Adjei,Bournemouth,Forward,Crystal Palace,False,44,0.0,1140,0.0,0,0.3779644730092272,0.0
Enes,Ünal,Bournemouth,Forward,Crystal Palace,False,54,0.0,1140,0.0,0,0.3779644730092272,0.0
Joe,White,Newcastle,Midfielder,Brighton,False,45,0.0,1150,0.0,0,0.3779644730092272,0.0
Garang,Kuol,Newcastle,Midfielder,Brighton,False,44,0.0,1150,0.0,0,0.3779644730092272,0.0
Isaac,Hayden,Newcastle,Midfielder,Brighton,False,45,0.0,1150,0.0,0,0.3779644730092272,0.0
Antoñito,Cordero Campillo,Newcastle,Midfielder,Brighton,False,49,0.0,1150,0.0,0,0.3779644730092272,0.0
Christian,Nørgaard,Arsenal,Midfielder,Fulham,False,53,0.0,1125,0.0,0,0.3779644730092272,0.0
Matt,Targett,Newcastle,Defender,Brighton,False,40,0.0,1150,0.0,0,0.3779644730092272,0.0
Ben,Winterburn,Bournemouth,Midfielder,Crystal Palace,False,45,0.0,1140,0.0,0,0.37796447300922725,0.0
Zain,Silcott-Duberry,Bournemouth,Midfielder,Crystal Palace,False,44,0.0,1140,0.0,0,0.3779644730092272,0.0
Dominic,Sadi,Bournemouth,Midfielder,Crystal Palace,False,45,0.0,1140,0.0,0,0.3779644730092272,0.0
Hamed,Traorè,Bournemouth,Midfielder,Crystal Palace,False,45,0.0,1140,0.0,0,1.511857892036909,0.0
Romain,Faivre,Bournemouth,Midfielder,Crystal Palace,False,45,0.0,1140,0.0,0,0.3779644730092272,0.0
Luis,Sinisterra Lucumí,Bournemouth,Midfielder,Crystal Palace,False,50,0.0,1140,0.0,0,0.3779644730092272,0.0
Philip,Billing,Bournemouth,Midfielder,Crystal Palace,False,49,0.0,1140,0.0,0,0.3779644730092272,0.0
Benjamin,White,Arsenal,Defender,Fulham,False,54,0.0,1125,0.0,0,2.2677868380553634,0.0
Karl,Hein,Arsenal,Goalkeeper,Fulham,False,40,0.0,1125,0.0,0,0.3779644730092272,0.0
Jair,Paula da Cunha Filho,Nott'm Forest,Defender,Chelsea,True,43,0.0,1245,0.0,-1,1.1338934190276817,0.0
David,Mota Veiga Teixeira do Carmo,Nott'm Forest,Defender,Chelsea,True,45,0.0,1245,0.0,0,0.3779644730092272,0.0
Tommy,Setford,Arsenal,Goalkeeper,Fulham,False,40,0.0,1125,0.0,0,0.3779644730092272,0.0
Matt,Turner,Nott'm Forest,Goalkeeper,Chelsea,True,40,0.0,1245,0.0,0,0.3779644730092272,0.0
Carlos Miguel,dos Santos Pereira,Nott'm Forest,Goalkeeper,Chelsea,True,40,0.0,1245,0.0,0,0.3779644730092272,0.0
Seung-Soo,Park,Newcastle,Midfielder,Brighton,False,44,0.0,1150,0.0,0,0.3779644730092272,0.0
Aaron,Ramsdale,Newcastle,Goalkeeper,Brighton,False,49,0.0,1150,0.0,0,0.3779644730092272,0.0
Matai,Akinmboni,Bournemouth,Defender,Crystal Palace,False,40,0.0,1140,0.0,0,0.3779644730092272,0.0
Illia,Zabarnyi,Bournemouth,Defender,Crystal Palace,False,50,0.0,1140,0.0,0,0.3779644730092272,0.0
Alex,Paulsen,Bournemouth,Goalkeeper,Crystal Palace,False,40,0.0,1140,0.0,0,0.3779644730092272,0.0
Callan,McKenna,Bournemouth,Goalkeeper,Crystal Palace,False,40,0.0,1140,0.0,0,0.3779644730092272,0.0
Will,Dennis,Bournemouth,Goalkeeper,Crystal Palace,False,40,0.0,1140,0.0,0,0.3779644730092272,0.0
Norberto,Murara Neto,Bournemouth,Goalkeeper,Crystal Palace,False,45,0.0,1140,0.0,0,0.3779644730092272,0.0
Alfie,Pond,Wolves,Defender,Sunderland,False,39,0.0,1050,0.0,0,0.3779644730092272,0.0
Marko,Stamenić,Nott'm Forest,Midfielder,Chelsea,True,45,0.0,1245,0.0,0,0.3779644730092272,0.0
Eric,da Silva Moreira,Nott'm Forest,Midfielder,Chelsea,True,45,0.0,1245,0.0,0,0.3779644730092272,0.0
Pedro,Cardoso de Lima,Wolves,Defender,Sunderland,False,40,0.0,1050,0.0,0,0.3779644730092272,0.0
Lewis,O'Brien,Nott'm Forest,Midfielder,Chelsea,True,50,0.0,1245,0.0,0,0.3779644730092272,0.0
Nicolás,Domínguez,Nott'm Forest,Midfielder,Chelsea,True,50,0.0,1245,0.0,0,0.3779644730092272,0.0
João Pedro,Ferreira da Silva,Nott'm Forest,Midfielder,Chelsea,True,54,0.0,1245,0.0,0,0.37796447300922725,0.0
Willy,Boly,Nott'm Forest,Defender,Chelsea,True,39,0.0,1245,0.0,0,0.3779644730092272,0.0
Zach,Abbott,Nott'm Forest,Defender,Chelsea,True,39,0.0,1245,0.0,0,0.3779644730092272,0.0
Omar,Richards,Nott'm Forest,Defender,Chelsea,True,45,0.0,1245,0.0,0,0.3779644730092272,0.0
Leo Fuhr,Hjelde,Sunderland,Defender,Wolves,True,40,0.0,1125,0.0,0,0.3779644730092272,0.0
Dennis,Cirkin,Sunderland,Defender,Wolves,True,40,0.0,1125,0.0,0,0.3779644730092272,0.0
Joe,Anderson,Sunderland,Defender,Wolves,True,39,0.0,1125,0.0,0,0.3779644730092272,0.0
Aji,Alese,Sunderland,Defender,Wolves,True,40,0.0,1125,0.0,0,0.3779644730092272,0.0
Blondy,Nna Noukeu,Sunderland,Goalkeeper,Wolves,True,40,0.0,1125,0.0,0,0.3779644730092272,0.0
Simon,Moore,Sunderland,Goalkeeper,Wolves,True,40,0.0,1125,0.0,0,0.3779644730092272,0.0
Anthony,Patterson,Sunderland,Goalkeeper,Wolves,True,44,0.0,1125,0.0,0,0.3779644730092272,0.0
Luis Eduardo,Soares da Silva,Nott'm Forest,Defender,Chelsea,True,45,0.0,1245,0.0,0,0.3779644730092272,0.0
Nicolò,Savona,Nott'm Forest,Defender,Chelsea,True,45,0.0,1245,0.0,0,0.5,0.0
John Victor,Maciel Furtado,Nott'm Forest,Goalkeeper,Chelsea,True,40,0.0,1245,0.0,0,0.3779644730092272,0.0
Bastien,Meupiyou Menadjou,Wolves,Defender,Sunderland,False,40,0.0,1050,0.0,0,0.3779644730092272,0.0
Angus,Gunn,Nott'm Forest,Goalkeeper,Chelsea,True,40,0.0,1245,0.0,0,0.3779644730092272,0.0
Taiwo,Awoniyi,Nott'm Forest,Forward,Chelsea,True,52,0.0,1245,0.0,-1,0.3779644730092272,0.0
Chris,Mepham,Bournemouth,Defender,Crystal Palace,False,40,0.0,1140,0.0,0,0.3779644730092272,0.0
Julián,Araujo Zúñiga,Bournemouth,Defender,Crystal Palace,False,40,0.0,1140,0.0,0,0.3779644730092272,0.0
Owen,Bevan,Bournemouth,Defender,Crystal Palace,False,39,0.0,1140,0.0,0,0.3779644730092272,0.0
Daniel,Bentley,Wolves,Goalkeeper,Sunderland,False,40,0.0,1050,0.0,0,0.3779644730092272,0.0
Mike,Trésor Ndayishimiye,Burnley,Midfielder,Leeds,True,44,0.0,1075,0.0,0,0.3779644730092272,0.0
Jaydon,Banel,Burnley,Midfielder,Leeds,True,45,0.0,1075,0.0,0,0.3779644730092272,0.0
Oluwaseun,Adewumi,Burnley,Midfielder,Leeds,True,45,0.0,1075,0.0,0,0.3779644730092272,0.0
Aaron,Ramsey,Burnley,Midfielder,Leeds,True,44,0.0,1075,0.0,0,0.3779644730092272,0.0
Luca,Koleosho,Burnley,Midfielder,Leeds,True,50,0.0,1075,0.0,0,0.3779644730092272,0.0
Marcus,Edwards,Burnley,Midfielder,Leeds,True,48,0.0,1075,0.0,0,0.37796447300922725,0.0
Piero,Hincapié,Arsenal,Defender,Fulham,False,54,0.0,1125,0.0,0,0.3779644730092272,0.0
Romaine,Mundle,Sunderland,Midfielder,Wolves,True,49,0.0,1125,0.0,0,0.3779644730092272,0.0
Milan,Aleksić,Sunderland,Midfielder,Wolves,True,49,0.0,1125,0.0,0,0.3779644730092272,0.0
Andre,Harriman-Annous,Arsenal,Midfielder,Fulham,False,45,0.0,1125,0.0,0,0.3779644730092272,0.0
Gabriel,Fernando de Jesus,Arsenal,Forward,Fulham,False,64,0.0,1125,0.0,0,0.3779644730092272,0.0
Timothée,Pembélé,Sunderland,Defender,Wolves,True,39,0.0,1125,0.0,0,0.3779644730092272,0.0
Luke,O'Nien,Sunderland,Defender,Wolves,True,40,0.0,1125,0.0,0,0.3779644730092272,0.0
Zak,Johnson,Sunderland,Defender,Wolves,True,39,0.0,1125,0.0,0,0.3779644730092272,0.0
Niall,Huggins,Sunderland,Defender,Wolves,True,40,0.0,1125,0.0,0,0.3779644730092272,0.0
Lucas,Pires Silva,Burnley,Defender,Leeds,True,39,0.0,1075,0.0,0,0.3779644730092272,0.0
Jordan,Beyer,Burnley,Defender,Leeds,True,40,0.0,1075,0.0,0,0.3779644730092272,0.0
Bashir,Humphreys,Burnley,Defender,Leeds,True,40,0.0,1075,0.0,0,0.3779644730092272,0.0
Nazarii,Rusyn,Sunderland,Forward,Wolves,True,44,0.0,1125,0.0,0,0.3779644730092272,0.0
Luís Hemir,Silva Semedo,Sunderland,Forward,Wolves,True,44,0.0,1125,0.0,0,0.3779644730092272,0.0
Ahmed,Abdullahi,Sunderland,Forward,Wolves,True,44,0.0,1125,0.0,0,0.3779644730092272,0.0
Nectarios,Triantis,Sunderland,Midfielder,Wolves,True,44,0.0,1125,0.0,0,0.3779644730092272,0.0
Jay,Matete,Sunderland,Midfielder,Wolves,True,44,0.0,1125,0.0,0,0.3779644730092272,0.0
Harrison,Jones,Sunderland,Midfielder,Wolves,True,44,0.0,1125,0.0,0,0.3779644730092272,0.0
Pierre,Ekwah Elimby,Sunderland,Midfielder,Wolves,True,45,0.0,1125,0.0,0,0.3779644730092272,0.0
Alan,Browne,Sunderland,Midfielder,Wolves,True,45,0.0,1125,0.0,0,0.3779644730092272,0.0
Kai,Havertz,Arsenal,Forward,Fulham,False,73,0.0,1125,0.0,0,0.37796447300922725,0.0
Ian,Poveda-Ocampo,Sunderland,Midfielder,Wolves,True,48,0.0,1125,0.0,-1,0.3779644730092272,0.0
Michael,Obafemi,Burnley,Forward,Leeds,True,44,0.0,1075,0.0,0,0.3779644730092272,0.0
Ashley,Barnes,Burnley,Forward,Leeds,True,44,0.0,1075,0.0,0,0.3779644730092272,0.0
Zeki,Amdouni,Burnley,Forward,Leeds,True,49,0.0,1075,0.0,0,0.3779644730092272,0.0
Luka,Vušković,Spurs,Defender,Aston Villa,True,39,0.0,1250,0.0,0,0.3779644730092272,0.0
Takai,Kōta,Spurs,Defender,Aston Villa,True,40,0.0,1250,0.0,0,0.3779644730092272,0.0
Ashley,Phillips,Spurs,Defender,Aston Villa,True,40,0.0,1250,0.0,0,0.3779644730092272,0.0
Radu,Drăgușin,Spurs,Defender,Aston Villa,True,45,0.0,1250,0.0,0,0.3779644730092272,0.0
Ben,Davies,Spurs,Defender,Aston Villa,True,43,0.0,1250,0.0,0,0.3779644730092272,0.0
Albert,Sambi Lokonga,Arsenal,Midfielder,Fulham,False,45,0.0,1125,0.0,0,0.3779644730092272,0.0
Antonín,Kinský,Spurs,Goalkeeper,Aston Villa,True,39,0.0,1250,0.0,0,0.3779644730092272,0.0
Brandon,Austin,Spurs,Goalkeeper,Aston Villa,True,39,0.0,1250,0.0,-1,0.3779644730092272,0.0
Ismeal,Kabia,Arsenal,Midfielder,Fulham,False,45,0.0,1125,0.0,0,0.3779644730092272,0.0
Gonçalo Manuel,Ganchinho Guedes,Wolves,Midfielder,Sunderland,False,55,0.0,1050,0.0,0,0.3779644730092272,0.0
Darko,Churlinov,Burnley,Midfielder,Leeds,True,49,0.0,1075,0.0,0,0.3779644730092272,0.0
Enock,Agyei,Burnley,Midfielder,Leeds,True,48,0.0,1075,0.0,0,0.3779644730092272,0.0
Manuel,Benson Hedilazio,Burnley,Midfielder,Leeds,True,54,0.0,1075,0.0,0,0.3779644730092272,0.0
Axel,Tuanzebe,Burnley,Defender,Leeds,True,39,0.0,1075,0.0,0,0.37796447300922725,0.0
Zépiqueno,Redmond,Aston Villa,Forward,Spurs,False,45,0.0,1130,0.0,0,0.3779644730092272,0.0
Shurandy,Sambo,Burnley,Defender,Leeds,True,40,0.0,1075,0.0,0,0.3779644730092272,0.0
Hannes,Delcroix,Burnley,Defender,Leeds,True,39,0.0,1075,0.0,0,0.3779644730092272,0.0
Connor,Roberts,Burnley,Defender,Leeds,True,44,0.0,1075,0.0,0,0.3779644730092272,0.0
Václav,Hladký,Burnley,Goalkeeper,Leeds,True,40,0.0,1075,0.0,0,0.3779644730092272,0.0
Etienne,Green,Burnley,Goalkeeper,Leeds,True,40,0.0,1075,0.0,0,0.3779644730092272,0.0
Max,Weiß,Burnley,Goalkeeper,Leeds,True,44,0.0,1075,0.0,0,0.3779644730092272,0.0
Travis,Patterson,Aston Villa,Defender,Spurs,False,40,0.0,1130,0.0,0,0.3779644730092272,0.0
Sam,Proctor,Aston Villa,Goalkeeper,Spurs,False,40,0.0,1130,0.0,0,0.3779644730092272,0.0
Harry,Tyrer,Everton,Goalkeeper,Man City,False,40,0.0,1275,0.0,0,0.3779644730092272,0.0
Triston,Rowe,Aston Villa,Defender,Spurs,False,40,0.0,1130,0.0,0,0.3779644730092272,0.0
James,Wright,Aston Villa,Goalkeeper,Spurs,False,40,0.0,1130,0.0,0,0.3779644730092272,0.0
Mark,Travers,Everton,Goalkeeper,Man City,False,44,0.0,1275,0.0,0,0.3779644730092272,0.0
Manor,Solomon,Spurs,Midfielder,Aston Villa,True,54,0.0,1250,0.0,0,0.3779644730092272,0.0
Yves,Bissouma,Spurs,Midfielder,Aston Villa,True,52,0.0,1250,0.0,0,0.3779644730092272,0.0
Dejan,Kulusevski,Spurs,Midfielder,Aston Villa,True,64,0.0,1250,0.0,0,0.3779644730092272,0.0
James,Maddison,Spurs,Midfielder,Aston Villa,True,69,0.0,1250,0.0,0,0.3779644730092272,0.0
Son,Heung-min,Spurs,Midfielder,Aston Villa,True,85,0.0,1250,0.0,0,0.3779644730092272,0.0
Ollie,Scarles,West Ham,Defender,Brentford,True,44,0.0,1185,0.0,0,0.3779644730092272,0.0
Jaydee,Canvot,Crystal Palace,Defender,Bournemouth,True,45,0.0,1180,0.0,0,0.3779644730092272,0.0
Emerson,Palmieri dos Santos,West Ham,Defender,Brentford,True,44,0.0,1185,0.0,0,0.3779644730092272,0.0
Krisztián,Hegyi,West Ham,Goalkeeper,Brentford,True,40,0.0,1185,0.0,0,0.3779644730092272,0.0
Wes,Foderingham,West Ham,Goalkeeper,Brentford,True,40,0.0,1185,0.0,0,0.3779644730092272,0.0
Samuel,Amissah,Fulham,Defender,Arsenal,True,39,0.0,1325,0.0,0,0.3779644730092272,0.0
Randal,Kolo Muani,Spurs,Forward,Aston Villa,True,69,0.0,1250,0.0,0,0.3779644730092272,0.0
Dane,Scarlett,Spurs,Forward,Aston Villa,True,44,0.0,1250,0.0,0,0.3779644730092272,0.0
Will,Lankshear,Spurs,Forward,Aston Villa,True,45,0.0,1250,0.0,0,0.3779644730092272,0.0
Issa,Diop,Fulham,Defender,Arsenal,True,44,0.0,1325,0.0,0,0.7559289460184545,0.0
Callum,Olusesi,Spurs,Midfielder,Aston Villa,True,44,0.0,1250,0.0,0,0.3779644730092272,0.0
Yang,Min-hyeok,Spurs,Midfielder,Aston Villa,True,45,0.0,1250,0.0,0,0.3779644730092272,0.0
Mikey,Moore,Spurs,Midfielder,Aston Villa,True,50,0.0,1250,0.0,0,0.3779644730092272,0.0
Abdoullah,Ba,Sunderland,Midfielder,Wolves,True,44,0.0,1125,0.0,0,0.3779644730092272,0.0
Bryan,Gil Salvatierra,Spurs,Midfielder,Aston Villa,True,49,0.0,1250,0.0,0,0.3779644730092272,0.0
Owen,Dodgson,Burnley,Defender,Leeds,True,40,0.0,1075,0.0,0,0.3779644730092272,0.0
Kadan,Young,Aston Villa,Midfielder,Spurs,False,44,0.0,1130,0.0,0,0.3779644730092272,0.0
Jamaldeen,Jimoh-Aloba,Aston Villa,Midfielder,Spurs,False,45,0.0,1130,0.0,0,0.3779644730092272,0.0
Leander,Dendoncker,Aston Villa,Midfielder,Spurs,False,45,0.0,1130,0.0,0,0.3779644730092272,0.0
Ben,Broggio,Aston Villa,Midfielder,Spurs,False,45,0.0,1130,0.0,0,0.3779644730092272,0.0
Steven,Benda,Fulham,Goalkeeper,Arsenal,True,40,0.0,1325,0.0,0,0.3779644730092272,0.0
Lewis,Dobbin,Aston Villa,Midfielder,Spurs,False,50,0.0,1130,0.0,0,0.3779644730092272,0.0
Enzo,Barrenechea,Aston Villa,Midfielder,Spurs,False,50,0.0,1130,0.0,0,0.3779644730092272,0.0
Ross,Barkley,Aston Villa,Midfielder,Spurs,False,48,0.0,1130,0.0,0,0.37796447300922725,0.0
Samuel,Iling-Junior,Aston Villa,Midfielder,Spurs,False,55,0.0,1130,0.0,0,0.3779644730092272,0.0
Leon,Bailey,Aston Villa,Midfielder,Spurs,False,55,0.0,1130,0.0,0,0.3779644730092272,0.0
Maxwel,Cornet,West Ham,Midfielder,Brentford,True,49,0.0,1185,0.0,0,0.3779644730092272,0.0
Edson,Álvarez Velázquez,West Ham,Midfielder,Brentford,True,49,0.0,1185,0.0,0,0.3779644730092272,0.0
Elijah,Campbell,Everton,Defender,Man City,False,40,0.0,1275,0.0,0,0.3779644730092272,0.0
Kaelan,Casey,West Ham,Defender,Brentford,True,40,0.0,1185,0.0,0,0.3779644730092272,0.0
Aaron,Wan-Bissaka,West Ham,Defender,Brentford,True,43,0.0,1185,0.0,0,0.48795003647426666,0.0
Jean-Clair,Todibo,West Ham,Defender,Brentford,True,43,0.0,1185,0.0,0,0.37796447300922725,0.0
Maldini,Kacurri,Arsenal,Defender,Fulham,False,39,0.0,1125,0.0,0,0.3779644730092272,0.0
Isaac,Heath,Everton,Midfielder,Man City,False,45,0.0,1275,0.0,0,0.3779644730092272,0.0
Coby,Ebere,Everton,Midfielder,Man City,False,44,0.0,1275,0.0,-1,0.3779644730092272,0.0
Callum,Bates,Everton,Midfielder,Man City,False,45,0.0,1275,0.0,0,0.3779644730092272,0.0
Tyler,Onyango,Everton,Midfielder,Man City,False,45,0.0,1275,0.0,0,0.3779644730092272,0.0
Adam,Aznou,Everton,Defender,Man City,False,44,0.0,1275,0.0,0,0.3779644730092272,0.0
Nathan,Fraser,Wolves,Forward,Sunderland,False,44,0.0,1050,0.0,0,0.3779644730092272,0.0
Leon,Chiwome,Wolves,Forward,Sunderland,False,45,0.0,1050,0.0,0,0.3779644730092272,0.0
Tom,King,Everton,Goalkeeper,Man City,False,40,0.0,1275,0.0,0,0.3779644730092272,0.0
Fábio,Soares Silva,Wolves,Forward,Sunderland,False,49,0.0,1050,0.0,0,0.3779644730092272,0.0
Joe,Hodge,Wolves,Midfielder,Sunderland,False,45,0.0,1050,0.0,0,0.3779644730092272,0.0
Enso,González Medina,Wolves,Midfielder,Sunderland,False,44,0.0,1050,0.0,0,0.3779644730092272,0.0
Tom,Edozie,Wolves,Midfielder,Sunderland,False,44,0.0,1050,0.0,0,0.3779644730092272,0.0
Tawanda,Chirewa,Wolves,Midfielder,Sunderland,False,44,0.0,1050,0.0,0,0.3779644730092272,0.0
Boubacar,Traoré,Wolves,Midfielder,Sunderland,False,50,0.0,1050,0.0,0,0.3779644730092272,0.0
Jakub,Kiwior,Arsenal,Defender,Fulham,False,54,0.0,1125,0.0,0,0.3779644730092272,0.0
Kepa,Arrizabalaga Revuelta,Arsenal,Goalkeeper,Fulham,False,43,0.0,1125,0.0,0,0.3779644730092272,0.0
Fábio,Ferreira Vieira,Arsenal,Midfielder,Fulham,False,54,0.0,1125,0.0,0,0.3779644730092272,0.0
Yasin,Özcan,Aston Villa,Defender,Spurs,False,40,0.0,1130,0.0,0,0.3779644730092272,0.0
Lino,da Cruz Sousa,Aston Villa,Defender,Spurs,False,40,0.0,1130,0.0,0,0.3779644730092272,0.0
Álex,Moreno Lopera,Aston Villa,Defender,Spurs,False,40,0.0,1130,0.0,0,0.3779644730092272,0.0
Andrés,García,Aston Villa,Defender,Spurs,False,39,0.0,1130,0.0,0,0.3779644730092272,0.0
Martin,Sherif,Everton,Forward,Man City,False,44,0.0,1275,0.0,0,0.3779644730092272,0.0
Filip,Marschall,Aston Villa,Goalkeeper,Spurs,False,40,0.0,1130,0.0,0,0.3779644730092272,0.0
Joe,Gauci,Aston Villa,Goalkeeper,Spurs,False,40,0.0,1130,0.0,0,0.3779644730092272,0.0
Marco,Bizot,Aston Villa,Goalkeeper,Spurs,False,44,0.0,1130,0.0,0,2.6457513110645907,0.0
Lukasz,Fabianski,West Ham,Goalkeeper,Brentford,True,45,0.0,1185,0.0,0,0.3779644730092272,0.0
Callum,Marshall,West Ham,Forward,Brentford,True,44,0.0,1185,0.0,0,0.37796447300922725,0.0
Youssef,Ramalho Chermiti,Everton,Forward,Man City,False,49,0.0,1275,0.0,0,0.3779644730092272,0.0
Lewis,Orford,West Ham,Midfielder,Brentford,True,44,0.0,1185,0.0,0,0.3779644730092272,0.0
George,Earthy,West Ham,Midfielder,Brentford,True,45,0.0,1185,0.0,0,0.3779644730092272,0.0
Brayden,Clarke,Arsenal,Defender,Fulham,False,39,0.0,1125,0.0,0,0.3779644730092272,0.0
Benoît,Badiashile Mukinayi,Chelsea,Defender,Nott'm Forest,False,44,-0.2,1165,-0.0454545454545454,0,0.5773502691896257,-0.0787295821622216
